Day,Rain,ActiveMode,ActiveNorm,ActiveModeCounterToInactiveNorm,InactiveModeCounterToActiveNorm,LocalCommute,CityCommute,DistantCommute,Subculture A,Subculture B,Subculture C,0,1,2,3
0,0,14170,14170,0,0,5473,7772,925,4158,0,10012,3401,3680,3449,3640
1,1,5105,14488,1713,11096,3255,1850,0,2374,55,2676,1040,1411,1332,1322
2,0,7074,30,7063,19,5007,2067,0,2917,431,3726,1070,1618,2438,1948
3,0,7057,303,6934,180,5036,2021,0,2911,488,3658,1074,1603,2428,1952
4,0,7031,286,6912,167,5028,2003,0,2883,522,3626,1062,1599,2397,1973
7,0,6923,259,6816,152,5014,1909,0,2847,517,3559,1038,1592,2299,1994
8,0,6897,255,6789,147,5001,1896,0,2801,552,3544,1010,1583,2302,2002
9,0,6836,233,6749,146,4994,1842,0,2808,576,3452,969,1577,2264,2026
10,0,6793,227,6693,127,4981,1812,0,2765,582,3446,965,1573,2226,2029
11,0,6805,220,6715,130,5004,1801,0,2781,601,3423,955,1568,2220,2062
14,0,6765,203,6681,119,4994,1771,0,2750,653,3362,909,1562,2230,2064
15,0,6765,214,6676,125,4997,1768,0,2744,648,3373,902,1562,2210,2091
16,0,6710,197,6624,111,4945,1765,0,2712,650,3348,890,1558,2208,2054
17,1,5002,202,4941,141,3343,1659,0,2066,315,2621,861,1259,1420,1462
18,0,6712,27,6700,15,4984,1728,0,2692,711,3309,838,1555,2204,2115
21,0,6670,198,6591,119,4929,1741,0,2689,676,3305,844,1556,2200,2070
22,0,6642,187,6563,108,4903,1739,0,2641,692,3309,825,1555,2197,2065
23,1,4869,174,4811,116,3232,1637,0,2026,284,2559,807,1253,1395,1414
24,1,4960,22,4951,13,3332,1628,0,2011,339,2610,797,1251,1386,1526
25,0,6564,33,6545,14,4847,1717,0,2614,700,3250,758,1551,2175,2080
28,0,6545,178,6483,116,4831,1714,0,2596,703,3246,802,1551,2161,2031
29,0,6553,185,6488,120,4838,1715,0,2614,685,3254,799,1551,2159,2044
30,0,6514,170,6445,101,4800,1714,0,2594,677,3243,748,1551,2150,2065
31,0,6562,171,6494,103,4848,1714,0,2579,706,3277,777,1550,2167,2068
32,1,4805,176,4756,127,3177,1628,0,1950,331,2524,752,1250,1411,1392
35,0,6561,21,6552,12,4855,1706,0,2572,733,3256,749,1548,2165,2099
36,0,6500,168,6440,108,4793,1707,0,2564,729,3207,735,1548,2153,2064
37,0,6523,168,6465,110,4820,1703,0,2575,700,3248,739,1548,2137,2099
38,0,6542,167,6491,116,4836,1706,0,2570,738,3234,753,1548,2162,2079
39,0,6517,172,6458,113,4808,1709,0,2574,740,3203,729,1548,2165,2075
42,0,6547,160,6490,103,4847,1700,0,2574,743,3230,739,1546,2152,2110
43,0,6544,168,6485,109,4839,1705,0,2568,737,3239,733,1547,2151,2113
44,0,6525,164,6467,106,4818,1707,0,2569,732,3224,734,1547,2151,2093
45,0,6555,152,6506,103,4856,1699,0,2559,773,3223,721,1547,2165,2122
46,1,4839,165,4788,114,3219,1620,0,1939,367,2533,734,1248,1414,1443
49,0,6549,18,6541,10,4854,1695,0,2564,759,3226,697,1547,2144,2161
50,0,6559,162,6500,103,4859,1700,0,2560,781,3218,705,1547,2183,2124
51,0,6532,161,6476,105,4834,1698,0,2570,753,3209,718,1547,2154,2113
52,0,6524,160,6466,102,4827,1697,0,2557,782,3185,695,1547,2162,2120
53,1,4815,155,4772,112,3203,1612,0,1929,370,2516,725,1247,1415,1428
56,0,6534,23,6522,11,4839,1695,0,2546,770,3218,706,1547,2157,2124
57,0,6533,151,6486,104,4831,1702,0,2554,762,3217,714,1547,2164,2108
58,0,6515,165,6455,105,4814,1701,0,2544,770,3201,699,1546,2158,2112
59,0,6522,158,6469,105,4823,1699,0,2546,789,3187,711,1546,2154,2111
60,0,6538,146,6492,100,4836,1702,0,2540,800,3198,700,1546,2167,2125
63,0,6531,163,6471,103,4832,1699,0,2543,797,3191,701,1546,2165,2119
64,0,6561,151,6508,98,4858,1703,0,2542,812,3207,707,1546,2176,2132
65,0,6573,170,6507,104,4872,1701,0,2554,807,3212,715,1546,2169,2143
66,0,6564,178,6497,111,4862,1702,0,2560,795,3209,703,1546,2166,2149
67,0,6557,172,6494,109,4856,1701,0,2543,796,3218,699,1546,2164,2148
70,0,6574,179,6514,119,4875,1699,0,2546,823,3205,690,1546,2184,2154
71,1,4803,167,4760,124,3191,1612,0,1923,384,2496,692,1249,1417,1445
72,0,6568,23,6558,13,4869,1699,0,2549,813,3206,682,1546,2165,2175
73,0,6547,166,6485,104,4845,1702,0,2548,819,3180,687,1546,2183,2131
74,0,6505,155,6447,97,4807,1698,0,2529,790,3186,678,1545,2162,2120
77,1,4796,157,4752,113,3191,1605,0,1919,390,2487,695,1246,1422,1433
78,1,4877,19,4870,12,3260,1617,0,1945,421,2511,687,1245,1398,1547
79,0,6507,28,6493,14,4813,1694,0,2522,794,3191,662,1545,2164,2136
80,0,6461,154,6406,99,4765,1696,0,2509,767,3185,679,1545,2151,2086
81,0,6474,143,6423,92,4777,1697,0,2513,777,3184,678,1545,2158,2093
84,0,6463,153,6402,92,4765,1698,0,2517,784,3162,673,1545,2168,2077
85,0,6440,166,6383,109,4744,1696,0,2502,770,3168,674,1545,2161,2060
86,1,4752,160,4705,113,3144,1608,0,1888,370,2494,681,1243,1424,1404
87,1,4817,14,4811,8,3200,1617,0,1934,417,2466,635,1243,1395,1544
88,0,6467,19,6461,13,4772,1695,0,2526,769,3172,660,1545,2148,2114
91,0,6433,150,6382,99,4738,1695,0,2490,799,3144,641,1545,2187,2060
92,0,6463,170,6401,108,4766,1697,0,2531,763,3169,671,1545,2153,2094
93,0,6428,159,6372,103,4733,1695,0,2486,785,3157,660,1545,2159,2064
94,0,6474,152,6423,101,4777,1697,0,2515,795,3164,668,1545,2189,2072
95,0,6454,156,6401,103,4756,1698,0,2504,770,3180,681,1545,2162,2066
98,0,6518,156,6470,108,4822,1696,0,2533,796,3189,672,1545,2173,2128
99,0,6450,154,6403,107,4754,1696,0,2519,767,3164,661,1545,2163,2081
100,0,6492,151,6441,100,4794,1698,0,2510,802,3180,675,1545,2170,2102
101,0,6480,161,6426,107,4782,1698,0,2516,797,3167,650,1545,2160,2125
102,0,6519,172,6460,113,4822,1697,0,2542,802,3175,677,1545,2161,2136
105,0,6527,173,6469,115,4829,1698,0,2531,807,3189,662,1545,2155,2165
106,0,6499,170,6437,108,4802,1697,0,2509,815,3175,649,1545,2164,2141
107,1,4768,166,4718,116,3157,1611,0,1890,407,2471,644,1247,1413,1464
108,0,6535,20,6525,10,4842,1693,0,2537,813,3185,655,1544,2151,2185
109,0,6491,167,6433,109,4796,1695,0,2509,799,3183,652,1544,2160,2135
112,0,6501,163,6444,106,4805,1696,0,2519,817,3165,654,1544,2170,2133
113,0,6470,191,6398,119,4778,1692,0,2522,768,3180,653,1543,2148,2126
114,0,6492,164,6434,106,4797,1695,0,2511,791,3190,658,1543,2146,2145
115,0,6464,168,6405,109,4770,1694,0,2505,785,3174,658,1543,2134,2129
116,0,6492,154,6440,102,4798,1694,0,2524,786,3182,661,1543,2154,2134
119,0,6493,167,6439,113,4799,1694,0,2515,818,3160,653,1543,2177,2120
120,0,6526,158,6473,105,4835,1691,0,2541,814,3171,662,1543,2184,2137
121,0,6516,164,6467,115,4824,1692,0,2527,815,3174,648,1543,2161,2164
122,0,6519,166,6461,108,4827,1692,0,2534,826,3159,651,1543,2163,2162
123,0,6483,167,6421,105,4790,1693,0,2498,838,3147,639,1543,2187,2114
126,0,6467,161,6406,100,4775,1692,0,2517,774,3176,649,1543,2142,2133
127,0,6549,175,6487,113,4857,1692,0,2532,832,3185,645,1543,2179,2182
128,0,6525,164,6469,108,4833,1692,0,2528,829,3168,652,1543,2176,2154
129,0,6501,176,6439,114,4811,1690,0,2512,821,3168,641,1542,2169,2149
130,0,6494,163,6433,102,4803,1691,0,2505,835,3154,649,1542,2173,2130
133,0,6528,167,6465,104,4838,1690,0,2516,850,3162,644,1542,2188,2154
134,0,6527,166,6462,101,4836,1691,0,2530,834,3163,652,1542,2182,2151
135,0,6489,163,6431,105,4799,1690,0,2516,821,3152,629,1542,2173,2145
136,0,6531,165,6472,106,4839,1692,0,2530,831,3170,661,1542,2168,2160
137,0,6536,177,6469,110,4845,1691,0,2537,828,3171,644,1542,2181,2169
140,0,6513,173,6448,108,4821,1692,0,2544,807,3162,658,1542,2160,2153
141,0,6531,186,6460,115,4839,1692,0,2535,828,3168,659,1542,2172,2158
142,0,6525,176,6451,102,4834,1691,0,2527,832,3166,642,1542,2179,2162
143,0,6544,148,6496,100,4853,1691,0,2547,829,3168,644,1542,2172,2186
144,0,6483,178,6419,114,4791,1692,0,2529,787,3167,648,1542,2161,2132
147,1,4743,155,4703,115,3133,1610,0,1876,385,2482,641,1246,1426,1430
148,0,6524,22,6513,11,4833,1691,0,2519,833,3172,633,1541,2168,2182
149,0,6473,169,6405,101,4780,1693,0,2510,804,3159,637,1541,2166,2129
150,1,4741,177,4682,118,3137,1604,0,1890,400,2451,635,1243,1435,1428
151,1,4850,23,4841,14,3242,1608,0,1919,419,2512,649,1243,1419,1539
154,0,6479,27,6465,13,4789,1690,0,2503,823,3153,646,1539,2168,2126
155,0,6407,163,6348,104,4717,1690,0,2488,781,3138,635,1539,2142,2091
156,0,6454,145,6400,91,4762,1692,0,2507,813,3134,634,1539,2167,2114
157,1,4735,144,4691,100,3138,1597,0,1886,403,2446,640,1241,1422,1432
158,1,4781,23,4771,13,3182,1599,0,1899,393,2489,645,1241,1392,1503
161,0,6319,19,6310,10,4630,1689,0,2470,744,3105,623,1530,2125,2041
162,0,6388,146,6335,93,4698,1690,0,2471,792,3125,648,1531,2163,2046
163,1,4709,156,4659,106,3119,1590,0,1860,383,2466,624,1238,1437,1410
164,1,4807,19,4797,9,3209,1598,0,1908,395,2504,641,1238,1419,1509
165,1,4761,35,4749,23,3164,1597,0,1903,383,2475,638,1238,1402,1483
168,0,6010,24,5998,12,4345,1665,0,2301,762,2947,627,1333,2035,2015
169,0,5962,106,5921,65,4299,1663,0,2277,754,2931,619,1334,2021,1988
170,0,5989,100,5949,60,4328,1661,0,2300,743,2946,626,1334,2030,1999
171,0,5980,97,5943,60,4320,1660,0,2279,765,2936,624,1334,2015,2007
172,0,5981,81,5949,49,4320,1661,0,2294,717,2970,636,1334,2008,2003
175,0,6011,85,5978,52,4348,1663,0,2290,767,2954,629,1334,2020,2028
176,0,6029,90,5992,53,4368,1661,0,2307,766,2956,630,1334,2028,2037
177,0,6069,97,6033,61,4407,1662,0,2317,789,2963,625,1334,2033,2077
178,0,6083,106,6045,68,4421,1662,0,2327,782,2974,629,1334,2044,2076
179,0,6055,103,6017,65,4393,1662,0,2313,793,2949,622,1334,2026,2073
182,0,6042,101,6000,59,4381,1661,0,2320,774,2948,629,1334,2006,2073
183,0,6038,97,6003,62,4379,1659,0,2311,780,2947,609,1334,2025,2070
184,0,6071,96,6035,60,4411,1660,0,2324,780,2967,630,1334,2047,2060
185,0,6097,112,6055,70,4435,1662,0,2334,791,2972,626,1334,2029,2108
186,0,6049,87,6019,57,4388,1661,0,2325,769,2955,621,1334,2007,2087
189,0,6073,104,6030,61,4412,1661,0,2320,788,2965,624,1334,2025,2090
190,0,6075,104,6035,64,4415,1660,0,2311,790,2974,625,1334,2021,2095
191,0,6142,101,6096,55,4480,1662,0,2345,820,2977,618,1334,2037,2153
192,0,6090,104,6055,69,4429,1661,0,2331,796,2963,613,1334,2021,2122
193,0,6069,91,6036,58,4410,1659,0,2312,794,2963,627,1334,1999,2109
196,0,6144,100,6109,65,4482,1662,0,2327,823,2994,633,1334,2044,2133
197,0,6100,116,6058,74,4437,1663,0,2331,821,2948,624,1334,2035,2107
198,0,6126,98,6089,61,4466,1660,0,2338,816,2972,616,1334,2045,2131
199,1,4759,99,4730,70,3170,1589,0,1883,420,2456,616,1243,1420,1480
200,1,4846,25,4838,17,3244,1602,0,1922,440,2484,617,1243,1425,1561
203,0,6075,24,6068,17,4412,1663,0,2334,799,2942,608,1334,2021,2112
204,0,6075,104,6032,61,4412,1663,0,2304,807,2964,625,1334,2031,2085
205,0,6057,95,6018,56,4395,1662,0,2309,790,2958,622,1334,2018,2083
206,0,6071,104,6031,64,4410,1661,0,2307,800,2964,628,1334,2032,2077
207,0,6064,108,6024,68,4402,1662,0,2304,783,2977,620,1334,2025,2085
210,0,6093,90,6063,60,4431,1662,0,2335,806,2952,619,1334,2035,2105
211,0,6075,107,6037,69,4414,1661,0,2340,789,2946,621,1334,2029,2091
212,0,6105,99,6063,57,4443,1662,0,2322,815,2968,627,1334,2050,2094
213,0,6086,106,6041,61,4424,1662,0,2328,817,2941,611,1334,2034,2107
214,0,6159,106,6121,68,4497,1662,0,2353,824,2982,619,1334,2060,2146
217,0,6127,110,6086,69,4465,1662,0,2343,820,2964,604,1334,2033,2156
218,0,6100,101,6057,58,4439,1661,0,2344,799,2957,627,1334,2031,2108
219,0,6132,102,6092,62,4470,1662,0,2350,808,2974,618,1334,2037,2143
220,0,6118,99,6076,57,4456,1662,0,2345,817,2956,613,1334,2049,2122
221,1,4684,103,4654,73,3104,1580,0,1843,398,2443,626,1243,1413,1402
224,0,6142,23,6129,10,4481,1661,0,2341,814,2987,619,1334,2032,2157
225,1,4682,100,4648,66,3114,1568,0,1863,384,2435,610,1242,1409,1421
226,0,6139,19,6132,12,4477,1662,0,2352,829,2958,607,1334,2035,2163
227,0,6109,106,6067,64,4448,1661,0,2338,833,2938,606,1334,2056,2113
228,0,6085,116,6037,68,4425,1660,0,2332,798,2955,609,1334,2034,2108
231,1,4667,103,4639,75,3095,1572,0,1863,397,2407,615,1243,1402,1407
232,0,6133,21,6124,12,4471,1662,0,2350,821,2962,619,1334,2022,2158
233,0,6060,99,6025,64,4399,1661,0,2311,788,2961,625,1334,2041,2060
234,0,6092,108,6043,59,4430,1662,0,2330,808,2954,609,1334,2057,2092
235,0,6075,100,6034,59,4413,1662,0,2326,795,2954,616,1334,2036,2089
238,0,6090,104,6050,64,4427,1663,0,2330,809,2951,617,1334,2047,2092
239,0,6083,110,6031,58,4422,1661,0,2315,832,2936,599,1334,2050,2100
240,0,6104,90,6061,47,4443,1661,0,2327,813,2964,619,1334,2051,2100
241,1,4692,86,4667,61,3115,1577,0,1844,399,2449,610,1242,1415,1425
242,0,6072,22,6063,13,4412,1660,0,2301,826,2945,608,1334,2041,2089
245,0,6074,98,6034,58,4413,1661,0,2320,808,2946,617,1334,2050,2073
246,0,6097,100,6061,64,4436,1661,0,2343,798,2956,608,1334,2061,2094
247,1,4657,103,4627,73,3083,1574,0,1840,395,2422,613,1242,1415,1387
248,1,4760,21,4753,14,3169,1591,0,1900,417,2443,591,1242,1403,1524
249,1,4736,20,4729,13,3155,1581,0,1857,408,2471,604,1242,1395,1495
252,1,4746,25,4738,17,3164,1582,0,1881,395,2470,603,1242,1412,1489
253,0,5829,21,5821,13,4208,1621,0,2222,765,2842,598,1287,1985,1959
254,0,5785,75,5757,47,4164,1621,0,2217,732,2836,594,1288,1969,1934
255,0,5816,63,5793,40,4195,1621,0,2225,748,2843,601,1288,1981,1946
256,1,4654,66,4635,47,3083,1571,0,1835,379,2440,612,1242,1423,1377
259,0,5861,17,5853,9,4241,1620,0,2230,763,2868,601,1288,1972,2000
260,0,5876,74,5848,46,4257,1619,0,2234,791,2851,598,1288,1999,1991
261,0,5882,76,5852,46,4261,1621,0,2254,774,2854,608,1288,1988,1998
262,0,5863,73,5839,49,4243,1620,0,2259,757,2847,590,1288,1982,2003
263,0,5887,65,5864,42,4267,1620,0,2237,771,2879,594,1288,1993,2012
266,0,5888,62,5863,37,4267,1621,0,2246,765,2877,596,1288,1999,2005
267,0,5892,80,5862,50,4271,1621,0,2244,799,2849,595,1288,1982,2027
268,0,5921,75,5891,45,4300,1621,0,2248,795,2878,605,1288,2003,2025
269,0,5911,76,5883,48,4290,1621,0,2256,786,2869,588,1288,1975,2060
270,1,4647,92,4618,63,3067,1580,0,1841,386,2420,601,1243,1380,1423
273,0,5986,21,5978,13,4365,1621,0,2285,820,2881,591,1288,1991,2116
274,0,5905,81,5878,54,4286,1619,0,2241,796,2868,589,1288,2013,2015
275,0,5914,84,5883,53,4294,1620,0,2259,780,2875,604,1288,1988,2034
276,0,5944,95,5909,60,4323,1621,0,2263,807,2874,599,1288,1993,2064
277,0,5911,84,5879,52,4292,1619,0,2246,801,2864,595,1288,1995,2033
280,0,5932,72,5901,41,4311,1621,0,2261,793,2878,602,1288,1985,2057
281,0,5931,74,5901,44,4310,1621,0,2241,811,2879,593,1288,2003,2047
282,0,5984,100,5943,59,4364,1620,0,2285,826,2873,598,1288,2029,2069
283,0,5932,98,5894,60,4309,1623,0,2254,794,2884,602,1288,1994,2048
284,0,5970,73,5939,42,4349,1621,0,2278,815,2877,611,1288,2001,2070
287,0,5991,97,5954,60,4370,1621,0,2273,841,2877,602,1288,2017,2084
288,1,4681,100,4651,70,3096,1585,0,1865,419,2397,602,1242,1387,1450
289,0,6011,17,6003,9,4390,1621,0,2284,830,2897,600,1288,1999,2124
290,0,5943,93,5905,55,4322,1621,0,2263,795,2885,592,1288,1991,2072
291,0,5963,91,5932,60,4342,1621,0,2268,807,2888,586,1288,2021,2068
294,0,5949,92,5919,62,4328,1621,0,2277,778,2894,598,1288,1993,2070
295,0,5957,97,5921,61,4336,1621,0,2279,805,2873,605,1288,1999,2065
296,0,5940,83,5912,55,4320,1620,0,2279,792,2869,589,1288,1994,2069
297,0,6001,89,5964,52,4381,1620,0,2268,836,2897,600,1288,2000,2113
298,0,6020,95,5981,56,4399,1621,0,2313,811,2896,603,1288,2022,2107
301,1,4675,106,4642,73,3095,1580,0,1860,394,2421,589,1242,1405,1439
302,0,5955,24,5944,13,4334,1621,0,2273,815,2867,590,1288,1997,2080
303,0,5974,85,5946,57,4353,1621,0,2271,828,2875,601,1288,2028,2057
304,1,4658,79,4632,53,3080,1578,0,1844,407,2407,597,1242,1410,1409
305,1,4762,19,4754,11,3177,1585,0,1891,441,2430,595,1242,1409,1516
308,0,5932,29,5919,16,4311,1621,0,2255,793,2884,591,1288,2003,2050
309,1,4628,80,4602,54,3052,1576,0,1849,369,2410,590,1242,1410,1386
310,1,4693,21,4685,13,3110,1583,0,1861,396,2436,586,1242,1388,1477
311,0,5886,22,5877,13,4266,1620,0,2251,775,2860,599,1287,1995,2005
312,0,5847,91,5809,53,4227,1620,0,2220,770,2857,589,1288,1997,1973
315,1,4599,72,4577,50,3024,1575,0,1848,377,2374,590,1242,1396,1371
316,0,5891,23,5881,13,4271,1620,0,2253,787,2851,590,1288,1993,2020
317,0,5872,92,5834,54,4252,1620,0,2232,787,2853,597,1288,2009,1978
318,0,5918,92,5882,56,4298,1620,0,2239,798,2881,597,1288,2010,2023
319,0,5882,89,5845,52,4262,1620,0,2250,764,2868,589,1288,1998,2007
322,0,5899,78,5866,45,4279,1620,0,2263,783,2853,584,1288,1998,2029
323,0,5899,78,5867,46,4279,1620,0,2243,774,2882,593,1288,1975,2043
324,0,5968,89,5932,53,4348,1620,0,2282,799,2887,602,1288,2023,2055
325,0,5946,88,5906,48,4326,1620,0,2252,783,2911,598,1288,1984,2076
326,0,5979,97,5941,59,4360,1619,0,2263,816,2900,594,1288,2017,2080
329,0,5969,92,5931,54,4350,1619,0,2271,813,2885,602,1288,1997,2082
330,0,5949,76,5920,47,4330,1619,0,2249,817,2883,594,1288,2017,2050
331,0,6010,81,5982,53,4390,1620,0,2276,835,2899,592,1288,2015,2115
332,0,5905,92,5867,54,4285,1620,0,2256,787,2862,590,1288,2001,2026
333,0,5944,80,5912,48,4324,1620,0,2271,817,2856,594,1288,1994,2068
336,0,5983,85,5951,53,4363,1620,0,2262,837,2884,599,1288,2031,2065
337,0,5972,93,5934,55,4352,1620,0,2276,813,2883,585,1288,1994,2105
338,0,5989,90,5951,52,4369,1620,0,2269,824,2896,597,1288,2018,2086
339,1,4712,96,4682,66,3131,1581,0,1849,424,2439,599,1243,1408,1462
340,0,6022,22,6013,13,4403,1619,0,2271,852,2899,594,1288,2028,2112
343,1,4663,87,4636,60,3096,1567,0,1836,419,2408,586,1242,1415,1420
344,1,4741,17,4733,9,3169,1572,0,1855,433,2453,588,1242,1392,1519
345,0,5913,23,5902,12,4295,1618,0,2241,792,2880,593,1288,1977,2055
346,0,5910,84,5871,45,4290,1620,0,2246,780,2884,596,1288,2006,2020
347,0,5882,83,5848,49,4263,1619,0,2247,780,2855,586,1288,2002,2006
350,0,5882,80,5850,48,4263,1619,0,2231,778,2873,591,1288,1988,2015
351,0,5914,78,5880,44,4294,1620,0,2231,786,2897,594,1288,2000,2032
352,0,5936,94,5897,55,4316,1620,0,2238,808,2890,595,1288,2025,2028
353,0,5927,90,5885,48,4307,1620,0,2257,800,2870,591,1288,2008,2040
354,0,5947,99,5910,62,4327,1620,0,2240,804,2903,585,1288,2003,2071
357,1,4608,81,4580,53,3027,1581,0,1801,391,2416,588,1243,1373,1404
358,0,5985,18,5975,8,4365,1620,0,2278,807,2900,596,1288,2018,2083
359,0,5926,79,5898,51,4306,1620,0,2269,779,2878,594,1288,1990,2054
360,0,5937,97,5902,62,4317,1620,0,2267,799,2871,584,1288,2017,2048
361,0,5929,88,5895,54,4309,1620,0,2272,783,2874,595,1288,2023,2023
364,0,5974,87,5946,59,4354,1620,0,2263,833,2878,594,1288,2027,2065
365,0,5979,92,5943,56,4359,1620,0,2285,800,2894,602,1288,2011,2078
366,1,4682,88,4658,64,3103,1579,0,1870,397,2415,597,1243,1390,1452
367,0,6005,24,5994,13,4385,1620,0,2272,841,2892,586,1288,2029,2102
368,1,4657,100,4629,72,3089,1568,0,1822,406,2429,604,1243,1397,1413
371,0,5951,26,5937,12,4331,1620,0,2264,788,2899,587,1288,2000,2076
372,0,5908,98,5874,64,4288,1620,0,2242,782,2884,599,1288,1989,2032
373,1,4631,90,4600,59,3063,1568,0,1829,400,2402,597,1243,1406,1385
374,1,4736,18,4729,11,3157,1579,0,1876,402,2458,600,1243,1401,1492
375,0,5918,15,5911,8,4298,1620,0,2249,794,2875,579,1288,2021,2030
378,0,5890,89,5851,50,4270,1620,0,2235,787,2868,588,1288,2026,1988
379,0,5892,89,5854,51,4272,1620,0,2230,781,2881,587,1288,2007,2010
380,1,4619,86,4590,57,3049,1570,0,1806,405,2408,597,1243,1404,1375
381,1,4735,20,4723,8,3155,1580,0,1861,425,2449,587,1242,1408,1498
382,1,4665,26,4656,17,3089,1576,0,1857,380,2428,594,1242,1372,1457
385,1,4693,22,4683,12,3116,1577,0,1857,367,2469,591,1242,1396,1464
386,0,5728,21,5718,11,4122,1606,0,2192,718,2818,592,1265,1959,1912
387,0,5748,69,5717,38,4142,1606,0,2186,739,2823,590,1265,1962,1931
388,0,5769,70,5738,39,4163,1606,0,2207,724,2838,598,1265,1970,1936
389,0,5770,71,5743,44,4165,1605,0,2197,752,2821,585,1265,1984,1936
392,0,5816,69,5787,40,4210,1606,0,2214,763,2839,601,1265,1986,1964
393,0,5818,75,5788,45,4212,1606,0,2228,749,2841,598,1265,1963,1992
394,0,5838,70,5812,44,4232,1606,0,2244,758,2836,588,1265,1988,1997
395,0,5853,75,5818,40,4247,1606,0,2239,765,2849,591,1265,1981,2016
396,0,5831,88,5795,52,4225,1606,0,2227,773,2831,580,1265,1997,1989
399,0,5866,70,5840,44,4260,1606,0,2220,793,2853,591,1265,1987,2023
400,0,5859,75,5828,44,4253,1606,0,2239,773,2847,588,1265,1980,2026
401,0,5910,86,5868,44,4304,1606,0,2234,827,2849,603,1265,2019,2023
402,0,5892,74,5861,43,4286,1606,0,2244,816,2832,598,1265,1987,2042
403,1,4669,86,4638,55,3093,1576,0,1835,414,2420,585,1243,1396,1445
406,0,5895,23,5882,10,4289,1606,0,2240,813,2842,592,1265,1982,2056
407,0,5909,88,5874,53,4303,1606,0,2259,817,2833,607,1265,1998,2039
408,0,5851,81,5820,50,4245,1606,0,2221,783,2847,606,1265,1973,2007
409,0,5873,81,5840,48,4267,1606,0,2247,792,2834,593,1265,1978,2037
410,0,5963,72,5935,44,4357,1606,0,2267,842,2854,585,1265,2011,2102
413,0,5905,86,5871,52,4299,1606,0,2244,797,2864,598,1265,1989,2053
414,0,5915,82,5887,54,4309,1606,0,2236,809,2870,587,1265,1995,2068
415,0,5937,74,5909,46,4331,1606,0,2255,815,2867,601,1265,2000,2071
416,0,5938,96,5904,62,4332,1606,0,2255,816,2867,583,1265,1995,2095
417,0,5966,85,5929,48,4360,1606,0,2264,816,2886,604,1265,2008,2089
420,0,5917,87,5882,52,4311,1606,0,2253,793,2871,588,1265,1974,2090
421,0,5926,89,5892,55,4320,1606,0,2256,811,2859,595,1265,1996,2070
422,0,5949,81,5911,43,4343,1606,0,2272,808,2869,595,1265,1978,2111
423,0,5967,89,5927,49,4361,1606,0,2271,839,2857,585,1265,2011,2106
424,0,5981,90,5945,54,4375,1606,0,2287,844,2850,584,1265,2005,2127
427,0,5976,85,5944,53,4370,1606,0,2268,851,2857,597,1265,2014,2100
428,0,5943,82,5907,46,4337,1606,0,2269,805,2869,596,1265,1967,2115
429,1,4685,81,4660,56,3111,1574,0,1852,423,2410,591,1243,1384,1467
430,1,4781,16,4776,11,3200,1581,0,1905,445,2431,597,1243,1383,1558
431,0,5950,20,5944,14,4344,1606,0,2255,835,2860,584,1265,2011,2090
434,0,5856,82,5821,47,4250,1606,0,2238,786,2832,585,1265,1993,2013
435,0,5898,73,5870,45,4292,1606,0,2257,802,2839,579,1265,2000,2054
436,0,5924,87,5889,52,4317,1607,0,2233,833,2858,597,1265,2004,2058
437,1,4672,86,4648,62,3100,1572,0,1832,426,2414,595,1243,1371,1463
438,0,5929,20,5915,6,4324,1605,0,2273,803,2853,581,1265,2005,2078
441,0,5886,89,5851,54,4280,1606,0,2257,784,2845,593,1265,1998,2030
442,0,5888,81,5854,47,4282,1606,0,2245,800,2843,582,1265,2013,2028
443,0,5937,88,5902,53,4331,1606,0,2281,799,2857,585,1265,1997,2090
444,0,5869,94,5833,58,4263,1606,0,2247,784,2838,576,1265,1982,2046
445,1,4656,73,4627,44,3084,1572,0,1861,394,2401,591,1243,1401,1421
448,0,5930,21,5919,10,4324,1606,0,2264,812,2854,601,1265,1986,2078
449,0,5911,81,5875,45,4304,1607,0,2243,821,2847,582,1265,2026,2038
450,0,5924,70,5898,44,4318,1606,0,2265,805,2854,598,1265,2010,2051
451,0,5954,81,5921,48,4347,1607,0,2250,832,2872,597,1265,2027,2065
452,0,5950,82,5917,49,4342,1608,0,2267,821,2862,607,1265,2031,2047
455,0,5945,98,5907,60,4338,1607,0,2258,814,2873,605,1265,2001,2074
456,0,5915,75,5887,47,4307,1608,0,2254,808,2853,585,1265,2017,2048
457,0,5905,72,5877,44,4297,1608,0,2253,807,2845,589,1265,1995,2056
458,0,5926,80,5897,51,4319,1607,0,2269,788,2869,600,1265,1994,2067
459,0,5932,80,5904,52,4324,1608,0,2258,816,2858,598,1265,2017,2052
462,0,5933,90,5901,58,4325,1608,0,2268,814,2851,594,1265,2000,2074
463,1,4668,89,4640,61,3090,1578,0,1833,420,2415,588,1243,1391,1446
464,1,4771,23,4764,16,3190,1581,0,1900,430,2441,592,1242,1416,1521
465,0,5939,32,5926,19,4333,1606,0,2267,827,2845,589,1265,2023,2062
466,0,5889,78,5859,48,4282,1607,0,2238,802,2849,597,1265,2020,2007
469,1,4650,81,4629,60,3076,1574,0,1856,387,2407,591,1242,1394,1423
470,0,5918,22,5905,9,4309,1609,0,2247,819,2852,590,1265,2007,2056
471,0,5893,86,5859,52,4286,1607,0,2241,788,2864,600,1265,1998,2030
472,0,5866,85,5829,48,4259,1607,0,2230,802,2834,594,1265,2010,1997
473,0,5908,84,5875,51,4301,1607,0,2258,798,2852,578,1265,2024,2041
476,0,5920,94,5885,59,4313,1607,0,2263,805,2852,589,1265,2021,2045
477,0,5908,78,5877,47,4300,1608,0,2247,809,2852,594,1265,2008,2041
478,0,5903,87,5869,53,4295,1608,0,2260,787,2856,593,1265,1995,2050
479,0,5938,89,5904,55,4331,1607,0,2272,809,2857,593,1265,2022,2058
480,1,4698,100,4670,72,3121,1577,0,1858,414,2426,582,1242,1420,1454
483,0,5970,24,5961,15,4362,1608,0,2278,817,2875,601,1265,2023,2081
484,0,5968,89,5931,52,4361,1607,0,2272,827,2869,590,1265,2034,2079
485,0,5918,87,5884,53,4309,1609,0,2259,812,2847,578,1265,2029,2046
486,0,5929,89,5890,50,4320,1609,0,2249,814,2866,597,1265,2019,2048
487,1,4685,87,4658,60,3112,1573,0,1846,399,2440,588,1243,1427,1427
490,0,5921,28,5910,17,4313,1608,0,2258,801,2862,588,1265,2013,2055
491,0,5923,85,5889,51,4317,1606,0,2244,805,2874,593,1265,2015,2050
492,1,4637,86,4606,55,3072,1565,0,1840,403,2394,586,1242,1403,1406
493,0,5945,22,5933,10,4337,1608,0,2254,822,2869,589,1265,2029,2062
494,0,5954,104,5911,61,4346,1608,0,2265,837,2852,593,1265,2033,2063
497,0,5887,91,5853,57,4279,1608,0,2255,785,2847,598,1265,2007,2017
498,0,5939,89,5906,56,4331,1608,0,2259,808,2872,600,1265,2007,2067
499,0,5898,90,5865,57,4290,1608,0,2248,796,2854,584,1265,2011,2038
500,0,5915,94,5880,59,4308,1607,0,2246,800,2869,598,1265,2002,2050
501,0,5903,84,5868,49,4296,1607,0,2260,808,2835,589,1265,2009,2040
504,0,5930,84,5899,53,4322,1608,0,2252,800,2878,587,1265,2006,2072
505,1,4659,85,4640,66,3084,1575,0,1840,409,2410,589,1243,1398,1429
506,1,4760,20,4752,12,3173,1587,0,1886,437,2437,580,1243,1403,1534
507,0,5924,24,5914,14,4317,1607,0,2279,780,2865,600,1265,2010,2049
508,0,5873,79,5839,45,4267,1606,0,2237,782,2854,592,1265,2007,2009
511,0,5926,90,5890,54,4319,1607,0,2260,803,2863,596,1265,2010,2055
512,0,5888,90,5855,57,4279,1609,0,2255,800,2833,584,1265,2012,2027
513,0,5937,92,5896,51,4330,1607,0,2260,812,2865,591,1265,2012,2069
514,0,5951,77,5923,49,4344,1607,0,2263,823,2865,595,1265,2015,2076
515,0,5916,96,5878,58,4307,1609,0,2248,808,2860,589,1265,1998,2064
518,0,5921,82,5888,49,4314,1607,0,2256,791,2874,603,1265,2008,2045
519,0,5944,81,5910,47,4335,1609,0,2272,804,2868,595,1265,2007,2077
520,0,5945,87,5917,59,4336,1609,0,2256,814,2875,592,1265,2011,2077
521,0,5900,87,5867,54,4292,1608,0,2248,798,2854,589,1265,2002,2044
522,0,5998,83,5962,47,4389,1609,0,2285,839,2874,588,1265,2036,2109
525,1,4620,78,4598,56,3047,1573,0,1814,405,2401,594,1243,1380,1403
526,1,4723,18,4715,10,3142,1581,0,1858,434,2431,583,1243,1392,1505
527,0,5940,24,5929,13,4332,1608,0,2258,823,2859,578,1265,2016,2081
528,0,5898,86,5868,56,4291,1607,0,2235,803,2860,587,1265,2027,2019
529,0,5895,89,5863,57,4288,1607,0,2242,794,2859,590,1265,2021,2019
532,0,5885,74,5859,48,4278,1607,0,2230,788,2867,585,1265,1990,2045
533,0,5940,75,5905,40,4333,1607,0,2248,818,2874,591,1265,2027,2057
534,0,5884,76,5850,42,4277,1607,0,2216,803,2865,589,1265,1992,2038
535,0,5940,91,5904,55,4333,1607,0,2268,800,2872,588,1265,2032,2055
536,1,4631,74,4615,58,3053,1578,0,1834,398,2399,595,1243,1381,1412
539,0,5940,19,5928,7,4333,1607,0,2273,802,2865,583,1265,2010,2082
540,0,5942,84,5905,47,4335,1607,0,2249,838,2855,596,1265,2017,2064
541,0,5903,81,5871,49,4296,1607,0,2242,813,2848,584,1265,2032,2022
542,0,5927,84,5896,53,4320,1607,0,2234,818,2875,591,1265,2045,2026
543,0,5889,90,5852,53,4281,1608,0,2267,773,2849,591,1265,2005,2028
546,0,5927,82,5894,49,4319,1608,0,2252,829,2846,585,1265,2016,2061
547,0,5940,80,5908,48,4332,1608,0,2249,848,2843,589,1265,2019,2067
548,0,5951,86,5916,51,4343,1608,0,2241,844,2866,597,1265,2027,2062
549,0,5963,96,5921,54,4356,1607,0,2255,856,2852,584,1265,2036,2078
550,0,5948,88,5910,50,4340,1608,0,2262,839,2847,586,1265,2041,2056
553,0,5963,91,5924,52,4355,1608,0,2272,832,2859,596,1265,2015,2087
554,1,4718,105,4688,75,3135,1583,0,1870,438,2410,594,1243,1403,1478
555,1,4723,19,4716,12,3138,1585,0,1862,449,2412,594,1243,1393,1493
556,0,5931,25,5921,15,4323,1608,0,2238,824,2869,589,1265,1996,2081
557,0,5894,91,5858,55,4287,1607,0,2258,782,2854,581,1265,2019,2029
560,0,5928,71,5901,44,4320,1608,0,2263,804,2861,599,1265,2019,2045
561,0,5938,82,5907,51,4332,1606,0,2274,816,2848,590,1265,2041,2042
562,0,5920,78,5890,48,4312,1608,0,2261,805,2854,599,1265,2014,2042
563,0,5904,79,5872,47,4296,1608,0,2248,806,2850,586,1265,2010,2043
564,1,4606,79,4585,58,3034,1572,0,1808,411,2387,594,1243,1385,1384
567,0,5961,20,5953,12,4353,1608,0,2271,820,2870,600,1265,2015,2081
568,0,5932,84,5896,48,4324,1608,0,2256,812,2864,592,1265,2018,2057
569,1,4661,83,4640,62,3090,1571,0,1841,404,2416,591,1243,1397,1430
570,1,4761,17,4754,10,3186,1575,0,1873,433,2455,599,1243,1404,1515
571,0,5871,24,5860,13,4263,1608,0,2232,789,2850,587,1265,2032,1987
574,0,5853,73,5825,45,4245,1608,0,2240,783,2830,590,1265,2009,1989
575,0,5847,67,5824,44,4239,1608,0,2223,790,2834,590,1265,2018,1974
576,0,5878,62,5853,37,4270,1608,0,2231,788,2859,585,1265,2021,2007
577,0,5863,76,5835,48,4256,1607,0,2246,767,2850,587,1265,2001,2010
578,0,5876,72,5845,41,4269,1607,0,2241,777,2858,593,1265,2009,2009
581,0,5880,80,5852,52,4273,1607,0,2256,789,2835,596,1265,2007,2012
582,0,5961,85,5928,52,4354,1607,0,2272,822,2867,582,1265,2038,2076
583,0,5907,73,5876,42,4300,1607,0,2241,801,2865,584,1265,2013,2045
584,0,5928,75,5898,45,4320,1608,0,2249,809,2870,590,1265,2010,2063
585,0,5901,77,5873,49,4293,1608,0,2260,812,2829,586,1265,2015,2035
588,1,4654,80,4628,54,3074,1580,0,1843,409,2402,602,1243,1392,1417
589,0,5993,17,5983,7,4386,1607,0,2272,847,2874,596,1265,2052,2080
590,0,5903,95,5872,64,4296,1607,0,2258,780,2865,600,1265,2031,2007
591,0,5906,79,5873,46,4299,1607,0,2248,808,2850,587,1265,2014,2040
592,1,4660,76,4633,49,3085,1575,0,1835,411,2414,590,1243,1412,1415
595,0,5965,24,5955,14,4357,1608,0,2266,836,2863,587,1265,2029,2084
596,0,5900,79,5872,51,4292,1608,0,2242,804,2854,588,1265,2031,2016
597,0,5927,86,5898,57,4320,1607,0,2258,787,2882,602,1265,2008,2052
598,0,5932,88,5901,57,4325,1607,0,2269,785,2878,594,1265,2012,2061
599,0,5944,75,5919,50,4337,1607,0,2265,807,2872,592,1265,2041,2046
602,0,5935,70,5905,40,4327,1608,0,2275,799,2861,585,1265,2016,2069
603,1,4632,84,4604,56,3056,1576,0,1852,394,2386,584,1243,1393,1412
604,0,5971,23,5960,12,4365,1606,0,2276,833,2862,584,1265,2030,2092
605,0,5908,94,5872,58,4301,1607,0,2264,798,2846,592,1265,2000,2051
606,0,5898,88,5864,54,4290,1608,0,2244,786,2868,584,1265,1993,2056
609,0,5933,92,5899,58,4325,1608,0,2244,824,2865,582,1265,2018,2068
610,0,5959,90,5928,59,4352,1607,0,2273,831,2855,580,1265,2032,2082
611,1,4672,93,4643,64,3099,1573,0,1846,399,2427,591,1243,1406,1432
612,1,4750,20,4744,14,3172,1578,0,1859,444,2447,588,1242,1397,1523
613,0,5906,25,5893,12,4299,1607,0,2238,820,2848,575,1265,2014,2052
616,0,5921,74,5888,41,4314,1607,0,2243,814,2864,591,1265,2037,2028
617,0,5897,86,5863,52,4290,1607,0,2259,800,2838,591,1265,2011,2030
618,0,5910,88,5875,53,4303,1607,0,2252,811,2847,589,1265,2005,2051
619,0,5898,79,5867,48,4291,1607,0,2252,779,2867,594,1265,2017,2022
620,0,5917,79,5885,47,4310,1607,0,2261,805,2851,582,1265,2020,2050
623,1,4684,80,4659,55,3108,1576,0,1848,418,2418,593,1243,1408,1440
624,0,5943,20,5935,12,4336,1607,0,2249,820,2874,586,1265,2039,2053
625,0,5908,76,5877,45,4301,1607,0,2253,792,2863,585,1265,2008,2050
626,0,5917,86,5876,45,4309,1608,0,2249,809,2859,589,1265,2028,2035
627,0,5915,85,5882,52,4308,1607,0,2241,812,2862,589,1265,2041,2020
630,1,4659,88,4631,60,3086,1573,0,1841,412,2406,575,1243,1418,1423
631,0,5902,24,5891,13,4295,1607,0,2248,804,2850,586,1265,1994,2057
632,0,5924,87,5891,54,4317,1607,0,2241,830,2853,591,1265,2023,2045
633,0,5861,77,5838,54,4254,1607,0,2240,787,2834,575,1265,2006,2015
634,0,5872,88,5838,54,4264,1608,0,2244,791,2837,590,1265,2018,1999
637,0,5967,78,5941,52,4359,1608,0,2255,834,2878,600,1265,2041,2061
638,0,5936,97,5901,62,4329,1607,0,2278,798,2860,600,1265,2026,2045
639,0,5972,91,5939,58,4364,1608,0,2259,841,2872,589,1265,2049,2069
640,0,5976,103,5934,61,4368,1608,0,2278,823,2875,585,1265,2025,2101
641,0,5950,91,5915,56,4343,1607,0,2268,809,2873,596,1265,2038,2051
644,0,5956,82,5924,50,4348,1608,0,2272,808,2876,584,1265,2036,2071
645,0,5919,82,5889,52,4311,1608,0,2241,824,2854,589,1265,2021,2044
646,0,5980,79,5951,50,4372,1608,0,2278,858,2844,583,1265,2053,2079
647,0,5951,78,5915,42,4344,1607,0,2256,836,2859,581,1265,2031,2074
648,0,5933,94,5894,55,4326,1607,0,2256,821,2856,594,1265,2005,2069
651,0,5973,77,5943,47,4365,1608,0,2260,823,2890,585,1265,2013,2110
652,0,5923,100,5884,61,4316,1607,0,2274,786,2863,587,1265,2000,2071
653,0,6028,77,6005,54,4420,1608,0,2291,858,2879,587,1265,2045,2131
654,0,5978,92,5941,55,4371,1607,0,2291,829,2858,591,1265,2027,2095
655,1,4698,92,4674,68,3121,1577,0,1845,444,2409,581,1243,1404,1470
658,0,5995,16,5986,7,4388,1607,0,2279,836,2880,582,1265,2019,2129
659,0,5965,106,5925,66,4357,1608,0,2272,830,2863,582,1265,2036,2082
660,0,5980,96,5942,58,4373,1607,0,2263,836,2881,592,1265,2027,2096
661,0,5967,87,5935,55,4359,1608,0,2276,844,2847,591,1265,2032,2079
662,1,4625,87,4600,62,3053,1572,0,1828,384,2413,588,1243,1390,1404
665,0,5972,18,5964,10,4365,1607,0,2264,847,2861,593,1265,2025,2089
666,1,4696,90,4676,70,3131,1565,0,1869,420,2407,591,1243,1414,1448
667,1,4746,17,4738,9,3180,1566,0,1885,451,2410,582,1242,1397,1525
668,0,5925,19,5914,8,4319,1606,0,2260,812,2853,591,1265,2026,2043
669,0,5920,84,5890,54,4313,1607,0,2230,837,2853,592,1265,2034,2029
672,0,5937,71,5904,38,4330,1607,0,2247,842,2848,585,1265,2056,2031
673,0,5893,87,5856,50,4286,1607,0,2241,797,2855,594,1265,2030,2004
674,0,5873,77,5841,45,4266,1607,0,2237,786,2850,596,1265,2019,1993
675,1,4657,73,4633,49,3089,1568,0,1822,406,2429,601,1243,1406,1407
676,0,5947,21,5937,11,4339,1608,0,2275,814,2858,586,1265,2040,2056
679,0,5919,97,5882,60,4312,1607,0,2245,829,2845,582,1265,2039,2033
680,1,4626,74,4603,51,3061,1565,0,1822,391,2413,584,1243,1404,1395
681,0,5951,20,5938,7,4344,1607,0,2264,816,2871,585,1265,2030,2071
682,0,5900,86,5866,52,4293,1607,0,2237,804,2859,586,1265,2023,2026
683,0,5912,87,5876,51,4306,1606,0,2246,795,2871,585,1265,2040,2022
686,0,5930,84,5896,50,4323,1607,0,2247,813,2870,582,1265,2032,2051
687,0,5886,90,5850,54,4280,1606,0,2255,778,2853,586,1265,1999,2036
688,0,5941,82,5903,44,4334,1607,0,2266,792,2883,598,1265,2009,2069
689,0,5933,94,5891,52,4327,1606,0,2245,825,2863,586,1265,2031,2051
690,0,5947,73,5919,45,4341,1606,0,2254,815,2878,588,1265,2025,2069
693,0,5922,95,5878,51,4316,1606,0,2241,817,2864,593,1265,2017,2047
694,0,5937,89,5901,53,4330,1607,0,2267,793,2877,597,1265,2011,2064
695,0,5934,81,5900,47,4327,1607,0,2267,808,2859,584,1265,2023,2062
696,0,5912,83,5879,50,4306,1606,0,2264,800,2848,575,1265,2021,2051
697,1,4699,77,4675,53,3118,1581,0,1869,436,2394,581,1243,1412,1463
700,0,6010,18,6000,8,4403,1607,0,2283,831,2896,586,1265,2033,2126
701,0,5963,90,5926,53,4356,1607,0,2259,828,2876,586,1265,2052,2060
702,0,5963,98,5925,60,4355,1608,0,2274,823,2866,589,1265,2034,2075
703,0,5921,91,5883,53,4313,1608,0,2256,800,2865,592,1265,2024,2040
704,0,5951,91,5914,54,4344,1607,0,2268,820,2863,587,1265,2039,2060
707,0,5924,84,5890,50,4316,1608,0,2268,802,2854,582,1265,2023,2054
708,0,5959,77,5930,48,4352,1607,0,2273,825,2861,590,1265,2013,2091
709,0,5959,90,5918,49,4352,1607,0,2252,830,2877,588,1265,2020,2086
710,0,5950,75,5921,46,4343,1607,0,2255,826,2869,585,1265,2048,2052
711,0,5945,86,5907,48,4338,1607,0,2250,826,2869,583,1265,2041,2056
714,0,5946,85,5911,50,4339,1607,0,2261,821,2864,585,1265,2027,2069
715,1,4729,92,4694,57,3148,1581,0,1856,427,2446,594,1243,1421,1471
716,0,5992,22,5980,10,4386,1606,0,2269,844,2879,579,1265,2017,2131
717,0,5933,84,5898,49,4327,1606,0,2246,827,2860,583,1265,2040,2045
718,0,5960,89,5925,54,4353,1607,0,2250,846,2864,597,1265,2037,2061
721,0,5993,91,5958,56,4387,1606,0,2271,858,2864,590,1265,2035,2103
722,0,5940,89,5906,55,4334,1606,0,2264,818,2858,587,1265,2020,2068
723,0,5942,80,5914,52,4336,1606,0,2258,826,2858,591,1265,2029,2057
724,0,5987,93,5944,50,4381,1606,0,2264,848,2875,583,1265,2040,2099
725,0,5985,95,5945,55,4379,1606,0,2251,847,2887,583,1265,2027,2110
728,0,5995,94,5956,55,4389,1606,0,2267,845,2883,598,1265,2002,2130
729,0,5979,82,5947,50,4372,1607,0,2284,831,2864,582,1265,2026,2106
730,0,5974,90,5938,54,4368,1606,0,2267,846,2861,582,1265,2026,2101
731,0,6003,93,5969,59,4396,1607,0,2285,847,2871,594,1265,2032,2112
732,0,5972,84,5939,51,4365,1607,0,2292,826,2854,589,1265,2021,2097
735,1,4674,99,4637,62,3093,1581,0,1826,433,2415,584,1243,1421,1426
736,0,6005,19,5994,8,4398,1607,0,2279,862,2864,593,1265,2025,2122
737,0,5997,97,5955,55,4390,1607,0,2275,846,2876,590,1265,2043,2099
738,1,4685,99,4663,77,3110,1575,0,1824,440,2421,586,1243,1408,1448
739,0,6008,25,5999,16,4402,1606,0,2280,857,2871,587,1265,2043,2113
742,0,5941,98,5905,62,4334,1607,0,2236,838,2867,581,1265,2032,2063
743,1,4611,74,4590,53,3045,1566,0,1825,409,2377,575,1243,1392,1401
744,0,5984,19,5973,8,4378,1606,0,2267,859,2858,586,1265,2034,2099
745,0,5972,83,5944,55,4366,1606,0,2272,847,2853,583,1265,2054,2070
746,0,5920,86,5890,56,4313,1607,0,2237,826,2857,583,1265,2030,2042
749,0,5949,90,5910,51,4342,1607,0,2248,834,2867,588,1265,2020,2076
750,0,5917,92,5884,59,4310,1607,0,2256,820,2841,583,1265,2034,2035
751,0,5963,93,5928,58,4356,1607,0,2258,856,2849,581,1265,2028,2089
752,0,5915,94,5874,53,4308,1607,0,2250,823,2842,587,1265,2011,2052
753,0,5958,93,5922,57,4351,1607,0,2245,848,2865,581,1265,2023,2089
756,0,5965,96,5930,61,4358,1607,0,2261,845,2859,581,1265,2050,2069
757,0,5983,89,5953,59,4376,1607,0,2282,842,2859,585,1265,2038,2095
758,1,4636,78,4612,54,3061,1575,0,1816,421,2399,583,1243,1407,1403
759,0,5985,28,5971,14,4378,1607,0,2281,853,2851,581,1265,2035,2104
760,0,5932,87,5896,51,4325,1607,0,2250,813,2869,588,1265,2008,2071
763,0,5913,95,5872,54,4306,1607,0,2250,810,2853,575,1265,2036,2037
764,1,4656,76,4634,54,3085,1571,0,1842,421,2393,582,1243,1407,1424
765,1,4749,19,4740,10,3173,1576,0,1880,437,2432,573,1243,1409,1524
766,1,4753,28,4739,14,3180,1573,0,1885,429,2439,585,1243,1399,1526
767,0,5862,23,5851,12,4255,1607,0,2229,777,2856,586,1264,2018,1994
770,0,5859,93,5822,56,4252,1607,0,2225,776,2858,591,1264,2041,1963
771,0,5813,85,5780,52,4206,1607,0,2214,755,2844,583,1264,2026,1940
772,0,5841,82,5805,46,4234,1607,0,2225,762,2854,566,1264,2005,2006
773,0,5859,84,5827,52,4252,1607,0,2214,776,2869,584,1264,2001,2010
774,1,4648,79,4624,55,3069,1579,0,1803,427,2418,590,1243,1389,1426
777,0,5869,20,5857,8,4263,1606,0,2233,785,2851,581,1264,2007,2017
778,0,5914,78,5885,49,4307,1607,0,2237,820,2857,588,1264,2030,2032
779,0,5856,91,5818,53,4249,1607,0,2246,775,2835,579,1264,2004,2009
780,0,5845,86,5810,51,4238,1607,0,2202,790,2853,580,1264,1996,2005
781,0,5890,87,5855,52,4283,1607,0,2232,797,2861,581,1264,2010,2035
784,0,5916,93,5883,60,4309,1607,0,2229,797,2890,579,1264,2018,2055
785,0,5954,81,5926,53,4347,1607,0,2257,819,2878,591,1264,2022,2077
786,0,5936,89,5903,56,4329,1607,0,2257,790,2889,585,1264,2015,2072
787,0,5905,85,5871,51,4298,1607,0,2228,826,2851,581,1264,2011,2049
788,0,5956,81,5922,47,4349,1607,0,2252,828,2876,581,1264,2021,2090
791,0,5926,99,5892,65,4319,1607,0,2240,807,2879,579,1264,2023,2060
792,0,5918,84,5881,47,4311,1607,0,2237,829,2852,589,1264,2038,2027
793,0,5882,71,5856,45,4275,1607,0,2238,783,2861,577,1264,1998,2043
794,1,4694,77,4667,50,3106,1588,0,1863,409,2422,591,1243,1420,1440
795,0,5966,21,5958,13,4359,1607,0,2256,834,2876,596,1264,2019,2087
798,1,4686,87,4657,58,3109,1577,0,1817,434,2435,589,1243,1404,1450
799,0,5927,16,5920,9,4320,1607,0,2260,809,2858,584,1264,2031,2048
800,0,5927,85,5890,48,4320,1607,0,2246,798,2883,581,1264,2041,2041
801,0,5923,74,5890,41,4316,1607,0,2241,807,2875,591,1264,2036,2032
802,0,5941,76,5905,40,4334,1607,0,2258,821,2862,587,1264,2042,2048
805,0,5921,66,5897,42,4314,1607,0,2249,821,2851,582,1264,2033,2042
806,0,5936,91,5893,48,4329,1607,0,2230,830,2876,597,1264,2023,2052
807,0,5961,92,5926,57,4354,1607,0,2263,823,2875,587,1264,2015,2095
808,0,5978,93,5938,53,4371,1607,0,2270,840,2868,584,1264,2036,2094
809,0,5951,82,5917,48,4344,1607,0,2241,840,2870,592,1264,2023,2072
812,0,5928,94,5887,53,4321,1607,0,2246,809,2873,588,1264,2011,2065
813,0,5933,82,5901,50,4326,1607,0,2252,820,2861,574,1264,1996,2099
814,0,6016,84,5981,49,4409,1607,0,2287,869,2860,581,1264,2046,2125
815,0,5968,85,5933,50,4361,1607,0,2254,859,2855,599,1264,2047,2058
816,0,5992,78,5965,51,4385,1607,0,2272,861,2859,593,1264,2034,2101
819,1,4694,90,4673,69,3112,1582,0,1857,437,2400,584,1243,1391,1476
820,1,4792,24,4783,15,3207,1585,0,1894,443,2455,588,1242,1408,1554
821,0,5976,23,5968,15,4369,1607,0,2272,840,2864,577,1264,2044,2091
822,0,5907,91,5863,47,4300,1607,0,2235,803,2869,585,1264,2021,2037
823,0,5923,89,5885,51,4316,1607,0,2245,812,2866,591,1264,2012,2056
826,0,5932,82,5898,48,4325,1607,0,2245,852,2835,580,1264,2046,2042
827,1,4657,88,4626,57,3080,1577,0,1828,423,2406,580,1242,1422,1413
828,1,4794,17,4789,12,3214,1580,0,1891,452,2451,578,1242,1418,1556
829,1,4739,29,4730,20,3160,1579,0,1885,415,2439,592,1242,1401,1504
830,0,5870,19,5860,9,4263,1607,0,2216,804,2850,590,1264,1992,2024
833,1,4601,83,4578,60,3029,1572,0,1807,396,2398,585,1242,1406,1368
834,0,5918,19,5909,10,4311,1607,0,2250,827,2841,591,1264,2042,2021
835,0,5790,94,5754,58,4183,1607,0,2193,780,2817,589,1264,2014,1923
836,0,5839,71,5810,42,4232,1607,0,2219,786,2834,579,1264,2012,1984
837,0,5841,85,5808,52,4234,1607,0,2238,783,2820,587,1264,2020,1970
840,0,5847,81,5815,49,4240,1607,0,2244,772,2831,585,1264,2002,1996
841,0,5846,83,5811,48,4239,1607,0,2244,773,2829,585,1264,1986,2011
842,0,5893,76,5860,43,4286,1607,0,2242,798,2853,588,1264,2006,2035
843,0,5862,75,5833,46,4255,1607,0,2224,809,2829,579,1264,2013,2006
844,0,5890,80,5857,47,4283,1607,0,2245,800,2845,591,1264,2005,2030
847,0,5907,80,5873,46,4300,1607,0,2236,817,2854,589,1264,2027,2027
848,0,5909,85,5874,50,4302,1607,0,2249,825,2835,580,1264,2001,2064
849,0,5896,85,5861,50,4289,1607,0,2228,822,2846,583,1264,2028,2021
850,0,5904,85,5873,54,4297,1607,0,2251,800,2853,584,1264,2009,2047
851,0,5943,82,5908,47,4336,1607,0,2255,828,2860,584,1264,2027,2068
854,1,4666,96,4639,69,3081,1585,0,1840,419,2407,587,1243,1407,1429
855,0,5925,27,5913,15,4318,1607,0,2272,821,2832,581,1264,2015,2065
856,0,5946,82,5914,50,4339,1607,0,2251,832,2863,596,1264,2017,2069
857,0,5907,87,5876,56,4300,1607,0,2242,809,2856,584,1264,1989,2070
858,0,5938,77,5909,48,4331,1607,0,2273,804,2861,596,1264,2020,2058
861,0,5909,79,5880,50,4302,1607,0,2256,803,2850,585,1264,1988,2072
862,0,5969,78,5947,56,4362,1607,0,2278,826,2865,592,1264,2006,2107
863,0,5946,86,5915,55,4339,1607,0,2275,818,2853,592,1264,2038,2052
864,0,5923,87,5887,51,4316,1607,0,2265,816,2842,581,1264,2030,2048
865,0,5938,99,5902,63,4331,1607,0,2249,810,2879,587,1264,2009,2078
868,0,6006,86,5973,53,4399,1607,0,2274,867,2865,591,1264,2035,2116
869,0,5959,77,5930,48,4352,1607,0,2255,838,2866,593,1264,2025,2077
870,0,5990,98,5948,56,4383,1607,0,2286,846,2858,583,1264,2038,2105
871,0,5940,89,5905,54,4333,1607,0,2252,829,2859,590,1264,2018,2068
872,0,5988,84,5959,55,4381,1607,0,2272,846,2870,585,1264,2016,2123
875,0,5965,91,5929,55,4358,1607,0,2273,845,2847,582,1264,2050,2069
876,0,5994,90,5961,57,4387,1607,0,2268,842,2884,596,1264,2015,2119
877,0,5961,86,5922,47,4354,1607,0,2254,853,2854,576,1264,2032,2089
878,0,5965,73,5941,49,4358,1607,0,2271,812,2882,589,1264,2026,2086
879,0,5986,90,5955,59,4379,1607,0,2270,844,2872,591,1264,2023,2108
882,1,4696,95,4663,62,3121,1575,0,1859,429,2408,578,1243,1414,1461
883,1,4745,21,4734,10,3164,1581,0,1859,433,2453,590,1242,1398,1515
884,0,5966,20,5953,7,4359,1607,0,2248,836,2882,582,1264,2021,2099
885,0,5925,91,5891,57,4318,1607,0,2262,814,2849,579,1264,2028,2054
886,0,5918,95,5888,65,4311,1607,0,2253,808,2857,590,1264,2044,2020
889,0,5959,92,5931,64,4352,1607,0,2275,837,2847,580,1264,2054,2061
890,0,5925,95,5888,58,4318,1607,0,2260,802,2863,579,1264,2013,2069
891,0,5957,90,5922,55,4350,1607,0,2268,824,2865,580,1264,2029,2084
892,0,5964,92,5928,56,4357,1607,0,2267,816,2881,582,1264,2025,2093
893,0,5964,93,5930,59,4357,1607,0,2268,818,2878,589,1264,2030,2081
896,0,5977,95,5938,56,4370,1607,0,2277,811,2889,589,1264,2042,2082
897,1,4639,94,4613,68,3070,1569,0,1832,416,2391,583,1243,1375,1438
898,0,5949,24,5938,13,4342,1607,0,2262,818,2869,584,1264,2019,2082
899,0,5909,100,5874,65,4302,1607,0,2255,805,2849,585,1264,2021,2039
900,0,5954,85,5923,54,4347,1607,0,2269,824,2861,592,1264,2030,2068
903,0,5961,89,5931,59,4354,1607,0,2264,810,2887,590,1264,2032,2075
904,1,4665,93,4634,62,3097,1568,0,1851,415,2399,581,1243,1408,1433
905,1,4753,20,4747,14,3176,1577,0,1878,431,2444,588,1243,1393,1529
906,0,5936,26,5925,15,4329,1607,0,2245,822,2869,586,1264,2019,2067
907,1,4660,86,4631,57,3100,1560,0,1841,415,2404,580,1243,1405,1432
910,0,5931,26,5920,15,4324,1607,0,2265,802,2864,579,1264,2013,2075
911,0,5881,82,5854,55,4274,1607,0,2233,816,2832,578,1264,2025,2014
912,0,6100,76,6069,45,4454,1646,0,2287,888,2925,646,1265,2149,2040
913,0,6124,101,6084,61,4465,1659,0,2321,881,2922,657,1265,2162,2040
914,1,5196,107,5155,66,3563,1633,0,2027,581,2588,677,1249,1778,1492
917,0,6202,43,6181,22,4529,1673,0,2337,916,2949,665,1265,2172,2100
918,0,6180,114,6126,60,4489,1691,0,2340,876,2964,687,1265,2145,2083
919,0,6195,111,6146,62,4501,1694,0,2339,902,2954,692,1265,2164,2074
920,0,6221,112,6173,64,4523,1698,0,2362,903,2956,702,1265,2179,2075
921,0,6210,127,6153,70,4507,1703,0,2357,881,2972,702,1265,2137,2106
924,0,6223,115,6171,63,4531,1692,0,2357,916,2950,688,1265,2163,2107
925,0,6217,121,6162,66,4511,1706,0,2347,895,2975,704,1265,2140,2108
926,0,6233,116,6176,59,4530,1703,0,2378,893,2962,698,1265,2163,2107
927,0,6237,117,6180,60,4529,1708,0,2356,908,2973,708,1265,2165,2099
928,0,6249,126,6185,62,4541,1708,0,2375,917,2957,700,1265,2154,2130
931,0,6256,128,6195,67,4548,1708,0,2382,887,2987,704,1265,2165,2122
932,1,5289,118,5242,71,3623,1666,0,2070,578,2641,706,1249,1790,1544
933,0,6313,52,6290,29,4609,1704,0,2388,914,3011,700,1265,2175,2173
934,1,5246,130,5200,84,3587,1659,0,2030,578,2638,708,1249,1782,1507
935,1,5382,50,5363,31,3719,1663,0,2091,603,2688,694,1248,1780,1660
938,0,6207,50,6185,28,4498,1709,0,2349,903,2955,696,1265,2162,2084
939,0,6201,102,6152,53,4491,1710,0,2352,889,2960,705,1265,2183,2048
940,0,6152,126,6099,73,4441,1711,0,2344,859,2949,710,1265,2155,2022
941,0,6198,117,6144,63,4482,1716,0,2356,879,2963,709,1265,2156,2068
942,0,6168,114,6117,63,4456,1712,0,2347,859,2962,702,1265,2151,2050
945,0,6174,121,6118,65,4464,1710,0,2346,865,2963,701,1265,2153,2055
946,0,6200,119,6144,63,4490,1710,0,2354,889,2957,704,1265,2168,2063
947,0,6229,125,6177,73,4510,1719,0,2359,887,2983,718,1265,2167,2079
948,0,6219,125,6162,68,4504,1715,0,2349,897,2973,711,1265,2150,2093
949,1,5266,128,5214,76,3597,1669,0,2072,551,2643,704,1250,1774,1538
952,0,6253,55,6229,31,4540,1713,0,2373,897,2983,715,1265,2153,2120
953,0,6237,126,6182,71,4523,1714,0,2365,903,2969,709,1265,2167,2096
954,0,6231,137,6168,74,4518,1713,0,2374,899,2958,709,1265,2145,2112
955,0,6205,123,6150,68,4487,1718,0,2359,879,2967,708,1265,2153,2079
956,0,6234,126,6171,63,4519,1715,0,2378,887,2969,710,1265,2159,2100
959,0,6207,119,6156,68,4490,1717,0,2368,879,2960,707,1265,2156,2079
960,0,6220,114,6166,60,4504,1716,0,2384,878,2958,699,1265,2135,2121
961,0,6268,125,6209,66,4551,1717,0,2372,902,2994,710,1265,2159,2134
962,0,6260,137,6195,72,4544,1716,0,2361,916,2983,713,1265,2151,2131
963,0,6222,126,6160,64,4508,1714,0,2381,896,2945,704,1265,2147,2106
966,0,6257,121,6202,66,4544,1713,0,2375,895,2987,700,1265,2142,2150
967,0,6236,140,6168,72,4513,1723,0,2381,883,2972,715,1265,2152,2104
968,0,6276,118,6224,66,4557,1719,0,2369,930,2977,706,1265,2174,2131
969,0,6246,131,6183,68,4529,1717,0,2379,902,2965,708,1265,2158,2115
970,0,6252,120,6197,65,4534,1718,0,2374,899,2979,707,1265,2156,2124
973,0,6291,120,6238,67,4573,1718,0,2388,922,2981,711,1265,2159,2156
974,0,6238,123,6185,70,4521,1717,0,2369,913,2956,711,1265,2173,2089
975,1,5296,115,5247,66,3622,1674,0,2070,596,2630,708,1250,1779,1559
976,0,6242,51,6215,24,4525,1717,0,2382,887,2973,704,1265,2159,2114
977,0,6226,130,6167,71,4504,1722,0,2364,892,2970,716,1265,2141,2104
980,0,6215,135,6147,67,4497,1718,0,2368,887,2960,709,1265,2151,2090
981,0,6240,127,6184,71,4520,1720,0,2366,894,2980,711,1265,2147,2117
982,0,6292,125,6233,66,4566,1726,0,2390,928,2974,724,1265,2164,2139
983,0,6257,136,6191,70,4533,1724,0,2379,901,2977,718,1265,2148,2126
984,0,6265,143,6196,74,4542,1723,0,2373,911,2981,719,1265,2160,2121
987,0,6225,120,6166,61,4504,1721,0,2364,903,2958,704,1265,2140,2116
988,0,6268,123,6205,60,4546,1722,0,2388,898,2982,714,1265,2155,2134
989,0,6275,127,6213,65,4555,1720,0,2379,905,2991,711,1265,2154,2145
990,0,6263,119,6207,63,4537,1726,0,2367,916,2980,709,1265,2163,2126
991,0,6246,121,6186,61,4522,1724,0,2370,902,2974,715,1265,2139,2127
994,0,6252,116,6196,60,4529,1723,0,2404,891,2957,704,1265,2160,2123
995,0,6255,128,6187,60,4530,1725,0,2380,903,2972,711,1265,2157,2122
996,0,6269,128,6208,67,4545,1724,0,2386,923,2960,709,1265,2158,2137
997,0,6282,128,6220,66,4558,1724,0,2363,926,2993,715,1265,2164,2138
998,0,6275,128,6219,72,4549,1726,0,2375,923,2977,708,1265,2174,2128
1001,1,5322,131,5267,76,3642,1680,0,2059,589,2674,713,1249,1787,1573
1002,1,5368,58,5344,34,3684,1684,0,2097,576,2695,712,1249,1781,1626
1003,1,5410,64,5383,37,3727,1683,0,2107,591,2712,711,1249,1779,1671
1004,1,5319,59,5292,32,3640,1679,0,2058,568,2693,707,1248,1771,1593
1005,0,6147,58,6117,28,4431,1716,0,2342,849,2956,710,1262,2116,2059
1008,0,6064,120,6008,64,4350,1714,0,2320,816,2928,707,1262,2131,1964
1009,0,6083,118,6032,67,4372,1711,0,2300,834,2949,708,1262,2127,1986
1010,0,6095,113,6040,58,4380,1715,0,2331,831,2933,711,1262,2116,2006
1011,0,6133,113,6081,61,4421,1712,0,2338,855,2940,708,1262,2139,2024
1012,0,6126,112,6075,61,4412,1714,0,2345,849,2932,710,1262,2126,2028
1015,0,6149,130,6089,70,4434,1715,0,2337,859,2953,707,1262,2132,2048
1016,0,6169,115,6116,62,4451,1718,0,2344,873,2952,712,1262,2127,2068
1017,0,6170,123,6111,64,4454,1716,0,2357,868,2945,717,1262,2138,2053
1018,0,6140,121,6080,61,4424,1716,0,2342,843,2955,711,1262,2129,2038
1019,0,6206,127,6142,63,4490,1716,0,2369,894,2943,701,1262,2156,2087
1022,0,6151,138,6083,70,4439,1712,0,2346,866,2939,704,1262,2133,2052
1023,1,5298,116,5246,64,3616,1682,0,2049,573,2676,715,1250,1779,1554
1024,1,5363,52,5340,29,3680,1683,0,2069,581,2713,706,1250,1793,1614
1025,1,5365,57,5342,34,3684,1681,0,2080,573,2712,710,1250,1770,1635
1026,0,6138,60,6110,32,4426,1712,0,2329,864,2945,706,1262,2124,2046
1029,0,6110,118,6055,63,4393,1717,0,2307,848,2955,712,1262,2118,2018
1030,0,6101,120,6047,66,4382,1719,0,2330,847,2924,710,1262,2122,2007
1031,1,5215,113,5172,70,3547,1668,0,2022,534,2659,700,1249,1779,1487
1032,1,5326,53,5306,33,3654,1672,0,2058,571,2697,709,1248,1778,1591
1033,0,6107,51,6083,27,4389,1718,0,2322,843,2942,699,1262,2126,2020
1036,0,6105,114,6054,63,4385,1720,0,2317,840,2948,711,1262,2136,1996
1037,0,6094,113,6038,57,4376,1718,0,2322,834,2938,702,1262,2130,2000
1038,0,6096,122,6038,64,4377,1719,0,2324,840,2932,700,1262,2142,1992
1039,0,6143,120,6086,63,4422,1721,0,2344,844,2955,707,1262,2148,2026
1040,0,6152,127,6091,66,4430,1722,0,2337,846,2969,716,1262,2137,2037
1043,1,5250,135,5200,85,3567,1683,0,2040,551,2659,707,1249,1795,1499
1044,1,5336,59,5314,37,3656,1680,0,2064,581,2691,707,1248,1780,1601
1045,0,6125,70,6090,35,4406,1719,0,2336,853,2936,709,1262,2132,2022
1046,0,6050,126,5992,68,4334,1716,0,2307,819,2924,702,1261,2116,1971
1047,0,6108,125,6050,67,4388,1720,0,2318,845,2945,707,1261,2138,2002
1050,0,6138,105,6086,53,4421,1717,0,2324,871,2943,702,1261,2155,2020
1051,0,6113,132,6051,70,4396,1717,0,2325,840,2948,703,1261,2140,2009
1052,0,6176,114,6127,65,4458,1718,0,2350,852,2974,708,1261,2148,2059
1053,0,6123,150,6055,82,4406,1717,0,2323,840,2960,707,1261,2119,2036
1054,0,6143,120,6090,67,4427,1716,0,2344,856,2943,704,1261,2133,2045
1057,1,5237,116,5188,67,3555,1682,0,2046,536,2655,701,1248,1766,1522
1058,1,5312,57,5289,34,3635,1677,0,2069,553,2690,703,1247,1763,1599
1059,1,5273,52,5251,30,3596,1677,0,2070,522,2681,707,1247,1758,1561
1060,0,6111,53,6086,28,4392,1719,0,2333,824,2954,710,1261,2130,2010
1061,0,6112,126,6054,68,4391,1721,0,2332,851,2929,705,1261,2137,2009
1064,0,6118,131,6058,71,4397,1721,0,2329,820,2969,713,1261,2133,2011
1065,0,6160,107,6112,59,4438,1722,0,2350,850,2960,712,1261,2127,2060
1066,0,6154,125,6096,67,4436,1718,0,2332,873,2949,707,1261,2143,2043
1067,0,6148,125,6090,67,4426,1722,0,2345,851,2952,706,1261,2128,2053
1068,0,6170,123,6112,65,4446,1724,0,2365,833,2972,712,1261,2130,2067
1071,0,6149,131,6093,75,4426,1723,0,2334,863,2952,706,1261,2118,2064
1072,0,6177,121,6118,62,4456,1721,0,2350,865,2962,711,1261,2121,2084
1073,1,5236,134,5183,81,3558,1678,0,2028,540,2668,710,1249,1764,1513
1074,0,6167,59,6138,30,4441,1726,0,2348,863,2956,707,1261,2115,2084
1075,0,6171,130,6110,69,4447,1724,0,2339,875,2957,708,1261,2124,2078
1078,0,6174,114,6121,61,4451,1723,0,2358,859,2957,714,1261,2118,2081
1079,1,5246,130,5196,80,3567,1679,0,2029,560,2657,710,1249,1775,1512
1080,1,5338,53,5314,29,3661,1677,0,2071,580,2687,709,1248,1787,1594
1081,0,6158,54,6131,27,4438,1720,0,2341,855,2962,707,1261,2124,2066
1082,0,6157,107,6101,51,4434,1723,0,2336,870,2951,712,1261,2147,2037
1085,0,6119,130,6060,71,4394,1725,0,2322,849,2948,704,1261,2140,2014
1086,0,6128,117,6074,63,4405,1723,0,2349,841,2938,708,1261,2135,2024
1087,0,6136,127,6077,68,4414,1722,0,2323,852,2961,706,1261,2124,2045
1088,0,6123,131,6059,67,4398,1725,0,2320,856,2947,705,1261,2117,2040
1089,0,6141,119,6084,62,4421,1720,0,2359,838,2944,702,1261,2131,2047
1092,1,5221,118,5177,74,3536,1685,0,2002,566,2653,704,1249,1770,1498
1093,0,6167,57,6141,31,4441,1726,0,2365,846,2956,699,1261,2133,2074
1094,0,6149,125,6087,63,4423,1726,0,2344,860,2945,704,1261,2134,2050
1095,1,5227,126,5176,75,3545,1682,0,2034,546,2647,706,1249,1769,1503
1096,0,6179,57,6152,30,4450,1729,0,2349,883,2947,707,1261,2121,2090
1099,0,6136,129,6068,61,4404,1732,0,2339,849,2948,709,1261,2146,2020
1100,1,5270,138,5212,80,3589,1681,0,2037,561,2672,710,1249,1782,1529
1101,0,6186,60,6158,32,4458,1728,0,2369,859,2958,707,1261,2142,2076
1102,0,6142,134,6075,67,4413,1729,0,2337,840,2965,705,1261,2122,2054
1103,0,6106,115,6050,59,4378,1728,0,2326,843,2937,700,1261,2126,2019
1106,0,6116,139,6048,71,4388,1728,0,2339,828,2949,707,1261,2116,2032
1107,0,6137,137,6074,74,4410,1727,0,2343,838,2956,704,1261,2123,2049
1108,0,6149,128,6085,64,4421,1728,0,2344,852,2953,704,1261,2120,2064
1109,0,6140,125,6082,67,4410,1730,0,2341,846,2953,708,1261,2111,2060
1110,0,6171,125,6109,63,4447,1724,0,2363,841,2967,697,1261,2126,2087
1113,0,6160,140,6093,73,4431,1729,0,2349,855,2956,703,1261,2139,2057
1114,0,6169,132,6110,73,4441,1728,0,2355,858,2956,707,1261,2121,2080
1115,0,6156,129,6098,71,4426,1730,0,2344,869,2943,700,1261,2142,2053
1116,0,6168,131,6105,68,4442,1726,0,2346,863,2959,700,1261,2126,2081
1117,0,6208,119,6154,65,4477,1731,0,2362,870,2976,705,1261,2150,2092
1120,1,5264,136,5212,84,3569,1695,0,2026,561,2677,709,1249,1783,1523
1121,0,6226,58,6204,36,4495,1731,0,2361,872,2993,707,1261,2138,2120
1122,0,6180,134,6116,70,4452,1728,0,2359,852,2969,700,1261,2138,2081
1123,0,6156,130,6095,69,4426,1730,0,2338,858,2960,707,1261,2119,2069
1124,0,6138,131,6075,68,4408,1730,0,2322,847,2969,709,1261,2107,2061
1127,1,5286,118,5234,66,3592,1694,0,2047,558,2681,710,1249,1772,1555
1128,0,6176,68,6145,37,4444,1732,0,2361,856,2959,706,1261,2136,2073
1129,0,6160,131,6095,66,4428,1732,0,2337,853,2970,712,1261,2126,2061
1130,0,6151,121,6092,62,4419,1732,0,2334,853,2964,709,1261,2118,2063
1131,0,6150,130,6088,68,4419,1731,0,2344,847,2959,707,1261,2125,2057
1134,0,6177,119,6120,62,4446,1731,0,2373,849,2955,705,1261,2128,2083
1135,0,6192,123,6136,67,4461,1731,0,2350,875,2967,710,1261,2136,2085
1136,0,6173,114,6112,53,4438,1735,0,2343,860,2970,715,1261,2138,2059
1137,0,6212,113,6161,62,4479,1733,0,2369,887,2956,715,1261,2145,2091
1138,0,6201,134,6141,74,4468,1733,0,2361,879,2961,712,1261,2126,2102
1141,0,6201,129,6140,68,4469,1732,0,2346,892,2963,707,1261,2145,2088
1142,1,5270,136,5212,78,3572,1698,0,2028,583,2659,705,1249,1781,1535
1143,0,6224,51,6200,27,4490,1734,0,2360,896,2968,707,1261,2147,2109
1144,0,6186,129,6125,68,4455,1731,0,2351,853,2982,706,1261,2143,2076
1145,0,6193,126,6130,63,4461,1732,0,2344,884,2965,711,1261,2143,2078
1148,0,6152,138,6087,73,4417,1735,0,2346,844,2962,711,1261,2113,2067
1149,0,6184,126,6123,65,4454,1730,0,2357,863,2964,703,1261,2149,2071
1150,0,6183,121,6123,61,4449,1734,0,2360,871,2952,709,1261,2118,2095
1151,0,6177,123,6122,68,4443,1734,0,2343,866,2968,708,1261,2143,2065
1152,0,6205,138,6141,74,4469,1736,0,2350,881,2974,706,1261,2134,2104
1155,0,6192,120,6138,66,4459,1733,0,2358,860,2974,706,1261,2141,2084
1156,0,6200,147,6133,80,4467,1733,0,2358,885,2957,714,1261,2139,2086
1157,0,6189,136,6126,73,4460,1729,0,2347,870,2972,703,1261,2130,2095
1158,0,6189,113,6133,57,4457,1732,0,2349,872,2968,706,1261,2129,2093
1159,0,6203,132,6140,69,4468,1735,0,2355,881,2967,711,1261,2135,2096
1162,0,6215,124,6160,69,4483,1732,0,2343,901,2971,703,1261,2124,2127
1163,0,6213,117,6159,63,4480,1733,0,2340,904,2969,706,1261,2127,2119
1164,0,6216,125,6157,66,4484,1732,0,2339,898,2979,710,1261,2128,2117
1165,0,6189,136,6127,74,4458,1731,0,2356,879,2954,705,1261,2122,2101
1166,1,5302,122,5254,74,3611,1691,0,2035,601,2666,706,1248,1768,1580
1169,0,6208,60,6177,29,4481,1727,0,2353,892,2963,701,1261,2113,2133
1170,0,6196,129,6134,67,4463,1733,0,2342,891,2963,703,1261,2151,2081
1171,1,5216,140,5153,77,3534,1682,0,1998,552,2666,703,1248,1763,1502
1172,0,6204,45,6183,24,4473,1731,0,2349,886,2969,703,1261,2129,2111
1173,0,6172,128,6109,65,4442,1730,0,2329,878,2965,705,1261,2139,2067
1176,0,6154,129,6092,67,4422,1732,0,2334,851,2969,710,1261,2128,2055
1177,0,6191,125,6132,66,4459,1732,0,2354,888,2949,711,1261,2123,2096
1178,0,6179,124,6127,72,4447,1732,0,2342,891,2946,700,1261,2166,2052
1179,0,6186,122,6128,64,4454,1732,0,2349,875,2962,706,1261,2127,2092
1180,1,5262,132,5210,80,3575,1687,0,2027,570,2665,702,1248,1788,1524
1183,0,6252,46,6231,25,4520,1732,0,2378,902,2972,707,1261,2169,2115
1184,0,6187,136,6129,78,4456,1731,0,2347,882,2958,710,1261,2144,2072
1185,0,6194,127,6130,63,4467,1727,0,2359,872,2963,701,1261,2144,2088
1186,0,6160,125,6103,68,4429,1731,0,2352,860,2948,703,1261,2119,2077
1187,0,6203,142,6136,75,4470,1733,0,2376,868,2959,704,1261,2136,2102
1190,0,6225,133,6162,70,4495,1730,0,2369,891,2965,707,1261,2157,2100
1191,0,6162,111,6107,56,4431,1731,0,2348,864,2950,702,1261,2136,2063
1192,0,6183,128,6124,69,4452,1731,0,2361,875,2947,709,1261,2120,2093
1193,0,6199,107,6152,60,4472,1727,0,2364,864,2971,701,1261,2143,2094
1194,0,6192,134,6134,76,4460,1732,0,2378,848,2966,712,1261,2115,2104
1197,1,5251,128,5195,72,3567,1684,0,2049,545,2657,705,1249,1782,1515
1198,1,5320,57,5295,32,3636,1684,0,2062,557,2701,703,1248,1781,1588
1199,0,6193,63,6161,31,4463,1730,0,2355,864,2974,706,1261,2143,2083
1200,0,6160,130,6096,66,4427,1733,0,2337,855,2968,710,1261,2120,2069
1201,0,6172,128,6110,66,4442,1730,0,2350,872,2950,699,1261,2153,2059
1204,0,6142,140,6072,70,4408,1734,0,2354,836,2952,703,1261,2127,2051
1205,0,6173,119,6120,66,4442,1731,0,2359,856,2958,704,1261,2142,2066
1206,0,6189,129,6128,68,4458,1731,0,2367,869,2953,706,1261,2130,2092
1207,0,6191,124,6130,63,4458,1733,0,2356,880,2955,708,1261,2143,2079
1208,0,6176,129,6114,67,4444,1732,0,2358,863,2955,706,1261,2127,2082
1211,1,5240,124,5181,65,3555,1685,0,2026,564,2650,708,1249,1775,1508
1212,0,6179,55,6148,24,4449,1730,0,2367,862,2950,700,1261,2136,2082
1213,1,5229,133,5172,76,3553,1676,0,2015,540,2674,702,1249,1769,1509
1214,0,6204,52,6177,25,4468,1736,0,2374,867,2963,703,1261,2129,2111
1215,0,6151,133,6083,65,4418,1733,0,2352,841,2958,701,1261,2150,2039
1218,0,6161,131,6098,68,4429,1732,0,2335,865,2961,706,1261,2143,2051
1219,0,6199,120,6145,66,4466,1733,0,2354,859,2986,706,1261,2140,2092
1220,0,6174,128,6115,69,4442,1732,0,2345,867,2962,702,1261,2141,2070
1221,0,6201,146,6134,79,4468,1733,0,2352,869,2980,709,1261,2141,2090
1222,0,6178,136,6112,70,4443,1735,0,2344,863,2971,707,1261,2130,2080
1225,1,5257,128,5203,74,3567,1690,0,2030,545,2682,704,1249,1778,1526
1226,0,6180,60,6148,28,4450,1730,0,2346,856,2978,700,1261,2138,2081
1227,0,6166,146,6096,76,4428,1738,0,2335,874,2957,709,1261,2140,2056
1228,0,6183,143,6112,72,4447,1736,0,2342,889,2952,706,1261,2152,2064
1229,0,6145,130,6079,64,4412,1733,0,2333,853,2959,704,1261,2125,2055
1232,0,6185,134,6120,69,4452,1733,0,2339,868,2978,701,1261,2147,2076
1233,0,6150,131,6086,67,4417,1733,0,2327,865,2958,706,1261,2126,2057
1234,1,5265,113,5212,60,3569,1696,0,2045,560,2660,709,1249,1776,1531
1235,0,6218,57,6188,27,4484,1734,0,2347,889,2982,708,1261,2134,2115
1236,0,6202,138,6135,71,4468,1734,0,2351,884,2967,701,1261,2155,2085
1239,1,5232,128,5182,78,3546,1686,0,2005,567,2660,705,1249,1789,1489
1240,0,6197,60,6167,30,4460,1737,0,2363,867,2967,704,1261,2128,2104
1241,1,5234,122,5176,64,3556,1678,0,2026,564,2644,700,1249,1774,1511
1242,0,6188,54,6163,29,4451,1737,0,2357,858,2973,702,1261,2143,2082
1243,0,6150,115,6095,60,4416,1734,0,2337,862,2951,706,1261,2145,2038
1246,0,6134,122,6066,54,4394,1740,0,2342,849,2943,703,1261,2137,2033
1247,0,6123,133,6058,68,4386,1737,0,2328,858,2937,701,1261,2121,2040
1248,0,6155,128,6096,69,4418,1737,0,2334,858,2963,704,1261,2128,2062
1249,0,6175,114,6117,56,4436,1739,0,2344,864,2967,708,1261,2141,2065
1250,0,6204,131,6143,70,4468,1736,0,2352,867,2985,711,1261,2151,2081
1253,0,6195,126,6134,65,4457,1738,0,2351,873,2971,706,1261,2124,2104
1254,0,6189,126,6128,65,4451,1738,0,2346,862,2981,704,1261,2142,2082
1255,0,6221,117,6163,59,4486,1735,0,2361,868,2992,710,1261,2138,2112
1256,0,6166,135,6105,74,4429,1737,0,2356,860,2950,703,1261,2134,2068
1257,0,6188,128,6134,74,4449,1739,0,2349,871,2968,707,1261,2117,2103
1260,1,5252,132,5201,81,3553,1699,0,2016,565,2671,707,1249,1769,1527
1261,1,5376,58,5354,36,3674,1702,0,2060,596,2720,703,1248,1786,1639
1262,0,6199,58,6170,29,4463,1736,0,2375,862,2962,701,1261,2152,2085
1263,0,6165,129,6099,63,4431,1734,0,2358,862,2945,702,1261,2147,2055
1264,0,6136,147,6067,78,4398,1738,0,2351,842,2943,704,1261,2123,2048
1267,0,6138,111,6083,56,4398,1740,0,2344,852,2942,704,1261,2129,2044
1268,0,6178,128,6118,68,4437,1741,0,2350,871,2957,707,1261,2149,2061
1269,0,6160,119,6102,61,4422,1738,0,2344,865,2951,705,1261,2132,2062
1270,0,6210,123,6151,64,4470,1740,0,2355,888,2967,713,1261,2135,2101
1271,0,6201,135,6135,69,4460,1741,0,2360,868,2973,712,1261,2154,2074
1274,1,5229,138,5170,79,3525,1704,0,2012,538,2679,710,1249,1754,1516
1275,0,6173,52,6145,24,4433,1740,0,2357,861,2955,706,1261,2121,2085
1276,0,6154,125,6098,69,4418,1736,0,2346,841,2967,704,1261,2138,2051
1277,0,6176,109,6120,53,4439,1737,0,2355,869,2952,702,1261,2145,2068
1278,0,6151,118,6094,61,4412,1739,0,2349,848,2954,703,1261,2126,2061
1281,0,6205,131,6146,72,4464,1741,0,2359,892,2954,708,1261,2157,2079
1282,0,6234,118,6176,60,4497,1737,0,2372,889,2973,708,1261,2157,2108
1283,0,6167,131,6099,63,4429,1738,0,2353,860,2954,703,1261,2132,2071
1284,0,6186,106,6134,54,4447,1739,0,2350,869,2967,704,1261,2134,2087
1285,0,6195,131,6138,74,4460,1735,0,2354,876,2965,699,1261,2142,2093
1288,0,6221,125,6161,65,4479,1742,0,2364,895,2962,710,1261,2150,2100
1289,1,5272,136,5217,81,3575,1697,0,2044,555,2673,706,1249,1779,1538
1290,0,6188,53,6163,28,4447,1741,0,2362,869,2957,709,1261,2112,2106
1291,0,6207,121,6152,66,4469,1738,0,2357,889,2961,705,1261,2137,2104
1292,0,6223,133,6158,68,4484,1739,0,2362,885,2976,710,1261,2148,2104
1295,1,5243,142,5187,86,3553,1690,0,2014,562,2667,703,1249,1776,1515
1296,0,6242,56,6215,29,4503,1739,0,2371,884,2987,707,1261,2148,2126
1297,0,6189,133,6128,72,4451,1738,0,2353,873,2963,699,1261,2140,2089
1298,0,6180,123,6123,66,4439,1741,0,2367,851,2962,717,1261,2132,2070
1299,0,6166,123,6117,74,4428,1738,0,2345,883,2938,700,1261,2125,2080
1302,0,6206,120,6146,60,4465,1741,0,2360,873,2973,710,1261,2143,2092
1303,0,6200,134,6134,68,4460,1740,0,2354,885,2961,707,1261,2143,2089
1304,0,6227,136,6162,71,4489,1738,0,2377,883,2967,703,1261,2157,2106
1305,0,6200,142,6127,69,4461,1739,0,2359,865,2976,711,1261,2139,2089
1306,0,6252,131,6191,70,4511,1741,0,2375,889,2988,714,1261,2145,2132
1309,0,6210,141,6143,74,4471,1739,0,2364,888,2958,707,1261,2140,2102
1310,0,6206,133,6142,69,4468,1738,0,2364,885,2957,706,1261,2137,2102
1311,0,6237,140,6167,70,4502,1735,0,2361,911,2965,703,1261,2157,2116
1312,0,6220,135,6149,64,4482,1738,0,2369,886,2965,706,1261,2134,2119
1313,0,6204,150,6130,76,4466,1738,0,2369,886,2949,700,1261,2144,2099
1316,0,6208,122,6154,68,4467,1741,0,2363,880,2965,704,1261,2138,2105
1317,0,6219,134,6159,74,4481,1738,0,2365,882,2972,702,1261,2149,2107
1318,0,6191,135,6131,75,4452,1739,0,2344,897,2950,708,1261,2140,2082
1319,0,6265,138,6197,70,4524,1741,0,2367,913,2985,708,1261,2142,2154
1320,0,6264,141,6199,76,4526,1738,0,2357,914,2993,703,1261,2168,2132
1323,0,6239,134,6177,72,4498,1741,0,2354,891,2994,708,1261,2151,2119
1324,0,6232,135,6172,75,4493,1739,0,2374,898,2960,704,1261,2146,2121
1325,0,6203,143,6134,74,4463,1740,0,2346,897,2960,710,1261,2126,2106
1326,0,6219,130,6157,68,4480,1739,0,2364,875,2980,706,1261,2136,2116
1327,0,6230,135,6171,76,4491,1739,0,2366,880,2984,705,1261,2140,2124
1330,0,6214,141,6143,70,4474,1740,0,2352,892,2970,709,1261,2138,2106
1331,0,6256,129,6192,65,4516,1740,0,2369,909,2978,707,1261,2149,2139
1332,0,6175,135,6113,73,4437,1738,0,2350,874,2951,699,1261,2136,2079
1333,0,6231,116,6176,61,4494,1737,0,2348,908,2975,708,1261,2139,2123
1334,0,6236,141,6164,69,4496,1740,0,2347,905,2984,708,1261,2133,2134
1337,0,6221,139,6151,69,4483,1738,0,2352,910,2959,704,1261,2138,2118
1338,0,6212,131,6149,68,4474,1738,0,2346,896,2970,707,1261,2135,2109
1339,0,6237,121,6176,60,4500,1737,0,2359,907,2971,708,1261,2146,2122
1340,0,6254,135,6187,68,4514,1740,0,2375,916,2963,709,1261,2151,2133
1341,0,6213,139,6144,70,4474,1739,0,2359,886,2968,709,1261,2138,2105
1344,0,6227,135,6165,73,4488,1739,0,2386,881,2960,709,1261,2145,2112
1345,0,6237,131,6167,61,4501,1736,0,2357,897,2983,704,1261,2139,2133
1346,0,6195,139,6118,62,4457,1738,0,2355,873,2967,710,1261,2134,2090
1347,0,6224,120,6163,59,4483,1741,0,2363,898,2963,701,1261,2131,2131
1348,1,5280,141,5216,77,3583,1697,0,2046,577,2657,700,1249,1771,1560
1351,0,6241,69,6208,36,4503,1738,0,2394,884,2963,701,1261,2124,2155
1352,0,6199,127,6136,64,4463,1736,0,2374,874,2951,701,1261,2135,2102
1353,0,6199,118,6143,62,4459,1740,0,2351,883,2965,705,1261,2142,2091
1354,0,6210,137,6139,66,4475,1735,0,2364,892,2954,700,1261,2137,2112
1355,0,6222,127,6157,62,4481,1741,0,2365,879,2978,712,1261,2129,2120
1358,0,6191,147,6124,80,4454,1737,0,2347,888,2956,708,1261,2144,2078
1359,0,6220,131,6154,65,4483,1737,0,2355,912,2953,700,1261,2144,2115
1360,0,6222,129,6157,64,4482,1740,0,2370,906,2946,703,1261,2155,2103
1361,0,6222,127,6159,64,4484,1738,0,2359,898,2965,707,1261,2136,2118
1362,1,5257,127,5203,73,3565,1692,0,2035,561,2661,701,1249,1780,1527
1365,0,6236,58,6206,28,4500,1736,0,2368,897,2971,702,1261,2138,2135
1366,0,6191,144,6120,73,4453,1738,0,2357,880,2954,701,1261,2146,2083
1367,0,6183,130,6121,68,4447,1736,0,2372,857,2954,699,1261,2133,2090
1368,0,6195,150,6118,73,4458,1737,0,2361,866,2968,704,1261,2142,2088
1369,0,6199,144,6126,71,4463,1736,0,2374,874,2951,700,1261,2154,2084
1372,0,6192,126,6136,70,4454,1738,0,2369,879,2944,701,1261,2132,2098
1373,0,6214,128,6153,67,4474,1740,0,2359,887,2968,701,1261,2153,2099
1374,0,6200,125,6143,68,4461,1739,0,2369,867,2964,707,1261,2134,2098
1375,0,6227,128,6160,61,4493,1734,0,2385,866,2976,702,1261,2148,2116
1376,0,6221,127,6160,66,4482,1739,0,2364,891,2966,702,1261,2143,2115
1379,1,5223,117,5178,72,3529,1694,0,2039,574,2610,700,1249,1766,1508
1380,1,5319,49,5297,27,3622,1697,0,2082,558,2679,697,1249,1781,1592
1381,0,6184,63,6150,29,4447,1737,0,2349,871,2964,702,1261,2137,2084
1382,0,6153,146,6083,76,4415,1738,0,2355,861,2937,698,1261,2143,2051
1383,0,6154,130,6092,68,4416,1738,0,2337,867,2950,704,1261,2147,2042
1386,0,6181,136,6113,68,4443,1738,0,2363,868,2950,705,1261,2149,2066
1387,0,6167,127,6105,65,4429,1738,0,2348,873,2946,703,1261,2140,2063
1388,1,5222,119,5174,71,3537,1685,0,2026,566,2630,703,1249,1774,1496
1389,0,6190,64,6159,33,4452,1738,0,2358,878,2954,700,1261,2142,2087
1390,0,6183,130,6115,62,4444,1739,0,2342,880,2961,703,1261,2159,2060
1393,0,6210,142,6144,76,4469,1741,0,2357,895,2958,706,1261,2165,2078
1394,1,5231,127,5177,73,3552,1679,0,2040,543,2648,703,1249,1786,1493
1395,1,5288,57,5264,33,3602,1686,0,2071,554,2663,700,1247,1778,1563
1396,1,5264,54,5241,31,3580,1684,0,2049,545,2670,703,1247,1777,1537
1397,0,6130,50,6105,25,4395,1735,0,2343,844,2943,701,1261,2142,2026
1400,0,6103,116,6049,62,4364,1739,0,2346,808,2949,710,1261,2136,1996
1401,0,6134,120,6080,66,4396,1738,0,2345,837,2952,706,1261,2150,2017
1402,1,5177,118,5129,70,3498,1679,0,2040,515,2622,700,1247,1760,1470
1403,0,6094,45,6075,26,4362,1732,0,2339,818,2937,703,1261,2123,2007
1404,0,6103,130,6040,67,4368,1735,0,2344,815,2944,699,1261,2125,2018
1407,0,6106,120,6049,63,4369,1737,0,2319,829,2958,704,1261,2139,2002
1408,0,6123,116,6072,65,4384,1739,0,2336,836,2951,701,1261,2135,2026
1409,1,5213,101,5171,59,3527,1686,0,2034,531,2648,709,1247,1776,1481
1410,0,6152,58,6120,26,4417,1735,0,2341,858,2953,697,1261,2137,2057
1411,1,5223,116,5178,71,3537,1686,0,2056,539,2628,707,1247,1778,1491
1414,0,6140,53,6113,26,4403,1737,0,2355,823,2962,698,1261,2123,2058
1415,0,6128,112,6074,58,4392,1736,0,2348,832,2948,698,1261,2143,2026
1416,1,5184,126,5129,71,3503,1681,0,2020,535,2629,699,1247,1777,1461
1417,0,6137,56,6110,29,4398,1739,0,2348,835,2954,699,1261,2139,2038
1418,0,6119,113,6068,62,4376,1743,0,2342,823,2954,702,1261,2142,2014
1421,0,6135,124,6080,69,4393,1742,0,2347,843,2945,701,1261,2142,2031
1422,0,6100,116,6048,64,4359,1741,0,2343,805,2952,702,1261,2122,2015
1423,0,6140,121,6084,65,4398,1742,0,2334,856,2950,702,1261,2137,2040
1424,0,6095,110,6047,62,4354,1741,0,2325,823,2947,698,1261,2115,2021
1425,0,6136,134,6080,78,4392,1744,0,2337,846,2953,701,1261,2151,2023
1428,0,6171,121,6115,65,4430,1741,0,2350,861,2960,697,1261,2159,2054
1429,0,6168,121,6113,66,4429,1739,0,2350,855,2963,701,1261,2131,2075
1430,0,6178,114,6119,55,4437,1741,0,2356,861,2961,701,1261,2138,2078
1431,0,6168,127,6111,70,4426,1742,0,2375,832,2961,703,1261,2128,2076
1432,0,6184,129,6121,66,4442,1742,0,2363,857,2964,702,1261,2137,2084
1435,0,6207,132,6150,75,4465,1742,0,2380,854,2973,703,1261,2155,2088
1436,0,6197,117,6146,66,4453,1744,0,2370,872,2955,700,1261,2139,2097
1437,0,6177,109,6127,59,4434,1743,0,2349,860,2968,704,1261,2123,2089
1438,0,6204,129,6141,66,4463,1741,0,2370,877,2957,704,1261,2149,2090
1439,0,6208,126,6150,68,4469,1739,0,2355,889,2964,697,1261,2150,2100
1442,0,6194,121,6140,67,4453,1741,0,2348,875,2971,705,1261,2133,2095
1443,0,6230,119,6175,64,4490,1740,0,2383,874,2973,703,1261,2153,2113
1444,0,6225,129,6167,71,4484,1741,0,2386,877,2962,703,1261,2150,2111
1445,0,6204,141,6136,73,4462,1742,0,2381,874,2949,698,1261,2153,2092
1446,0,6196,121,6133,58,4455,1741,0,2352,879,2965,700,1261,2131,2104
1449,1,5279,122,5235,78,3581,1698,0,2030,570,2679,705,1249,1781,1544
1450,1,5368,56,5340,28,3669,1699,0,2097,571,2700,698,1248,1782,1640
1451,0,6186,56,6156,26,4443,1743,0,2361,863,2962,701,1261,2134,2090
1452,0,6164,131,6104,71,4423,1741,0,2346,859,2959,704,1261,2130,2069
1453,0,6155,122,6095,62,4412,1743,0,2342,839,2974,701,1261,2133,2060
1456,0,6173,103,6122,52,4429,1744,0,2346,863,2964,701,1261,2142,2069
1457,0,6197,112,6137,52,4453,1744,0,2372,860,2965,708,1261,2125,2103
1458,0,6178,112,6127,61,4434,1744,0,2357,868,2953,705,1261,2138,2074
1459,0,6191,116,6133,58,4448,1743,0,2351,870,2970,704,1261,2139,2087
1460,0,6209,129,6144,64,4465,1744,0,2357,878,2974,704,1261,2142,2102
1463,0,6196,128,6136,68,4451,1745,0,2351,883,2962,706,1261,2164,2065
1464,1,5253,135,5193,75,3548,1705,0,2039,537,2677,708,1249,1765,1531
1465,0,6241,51,6211,21,4494,1747,0,2383,876,2982,709,1261,2139,2132
1466,0,6198,125,6142,69,4457,1741,0,2344,883,2971,701,1261,2151,2085
1467,1,5250,116,5204,70,3555,1695,0,2023,558,2669,703,1249,1778,1520
1470,0,6227,50,6202,25,4483,1744,0,2366,877,2984,704,1261,2152,2110
1471,0,6161,127,6101,67,4418,1743,0,2348,857,2956,698,1261,2136,2066
1472,0,6162,117,6106,61,4419,1743,0,2331,865,2966,703,1261,2144,2054
1473,0,6144,116,6085,57,4398,1746,0,2354,835,2955,707,1261,2119,2057
1474,0,6222,123,6159,60,4479,1743,0,2355,893,2974,701,1261,2153,2107
1477,0,6181,120,6122,61,4439,1742,0,2351,861,2969,701,1261,2141,2078
1478,0,6182,108,6129,55,4440,1742,0,2342,871,2969,699,1261,2137,2085
1479,0,6197,127,6133,63,4455,1742,0,2339,887,2971,704,1261,2129,2103
1480,1,5240,129,5188,77,3543,1697,0,2050,547,2643,707,1249,1784,1500
1481,0,6192,54,6162,24,4448,1744,0,2364,863,2965,707,1261,2123,2101
1484,0,6187,121,6128,62,4446,1741,0,2364,857,2966,704,1261,2141,2081
1485,0,6166,119,6110,63,4422,1744,0,2352,855,2959,706,1261,2126,2073
1486,0,6169,121,6110,62,4425,1744,0,2353,852,2964,705,1261,2160,2043
1487,0,6168,109,6117,58,4425,1743,0,2353,860,2955,703,1261,2133,2071
1488,0,6211,126,6151,66,4466,1745,0,2367,875,2969,705,1261,2139,2106
1491,0,6212,126,6149,63,4466,1746,0,2362,892,2958,700,1261,2136,2115
1492,0,6218,124,6157,63,4471,1747,0,2365,885,2968,707,1261,2153,2097
1493,0,6187,126,6130,69,4443,1744,0,2342,875,2970,711,1261,2132,2083
1494,0,6199,118,6141,60,4454,1745,0,2355,873,2971,706,1261,2153,2079
1495,0,6178,137,6112,71,4436,1742,0,2359,861,2958,699,1261,2126,2092
1498,1,5309,122,5259,72,3603,1706,0,2051,582,2676,701,1249,1776,1583
1499,0,6183,55,6155,27,4442,1741,0,2351,865,2967,698,1261,2126,2098
1500,1,5223,120,5174,71,3526,1697,0,2036,555,2632,701,1249,1764,1509
1501,0,6207,51,6182,26,4465,1742,0,2353,879,2975,700,1261,2138,2108
1502,0,6164,107,6113,56,4420,1744,0,2358,829,2977,705,1261,2138,2060
1505,0,6241,124,6185,68,4500,1741,0,2372,887,2982,704,1261,2158,2118
1506,0,6183,123,6127,67,4441,1742,0,2363,857,2963,706,1261,2137,2079
1507,1,5244,115,5196,67,3548,1696,0,2027,553,2664,707,1249,1766,1522
1508,0,6183,43,6161,21,4440,1743,0,2362,848,2973,701,1261,2129,2092
1509,1,5195,108,5150,63,3508,1687,0,2009,541,2645,706,1249,1773,1467
1512,0,6235,49,6209,23,4492,1743,0,2386,868,2981,707,1261,2153,2114
1513,0,6175,130,6115,70,4431,1744,0,2357,862,2956,709,1261,2150,2055
1514,0,6160,113,6110,63,4419,1741,0,2355,838,2967,704,1261,2137,2058
1515,0,6167,107,6118,58,4424,1743,0,2358,851,2958,701,1261,2143,2062
1516,0,6177,110,6126,59,4431,1746,0,2350,867,2960,708,1261,2143,2065
1519,0,6199,122,6143,66,4455,1744,0,2365,883,2951,705,1261,2159,2074
1520,0,6188,120,6133,65,4444,1744,0,2362,859,2967,700,1261,2133,2094
1521,0,6203,137,6142,76,4457,1746,0,2372,887,2944,701,1261,2147,2094
1522,0,6211,111,6159,59,4465,1746,0,2360,881,2970,706,1261,2158,2086
1523,0,6194,125,6133,64,4450,1744,0,2353,876,2965,702,1261,2139,2092
1526,0,6189,127,6131,69,4442,1747,0,2360,869,2960,709,1261,2131,2088
1527,0,6195,129,6132,66,4449,1746,0,2369,872,2954,707,1261,2132,2095
1528,0,6195,128,6134,67,4448,1747,0,2375,865,2955,704,1261,2136,2094
1529,0,6187,135,6127,75,4442,1745,0,2344,885,2958,700,1261,2155,2071
1530,1,5280,115,5231,66,3572,1708,0,2046,556,2678,703,1249,1780,1548
1533,0,6204,52,6177,25,4461,1743,0,2356,868,2980,700,1261,2118,2125
1534,0,6192,137,6127,72,4446,1746,0,2360,863,2969,703,1261,2153,2075
1535,0,6171,103,6121,53,4428,1743,0,2346,860,2965,700,1261,2131,2079
1536,0,6174,118,6119,63,4428,1746,0,2354,871,2949,706,1261,2150,2057
1537,0,6210,135,6142,67,4466,1744,0,2351,880,2979,705,1261,2155,2089
1540,0,6174,126,6110,62,4431,1743,0,2349,857,2968,696,1261,2140,2077
1541,0,6211,124,6149,62,4467,1744,0,2369,874,2968,704,1261,2143,2103
1542,0,6190,121,6126,57,4444,1746,0,2378,856,2956,707,1261,2143,2079
1543,0,6201,137,6132,68,4457,1744,0,2366,879,2956,702,1261,2154,2084
1544,0,6228,122,6167,61,4482,1746,0,2379,886,2963,707,1261,2149,2111
1547,1,5284,141,5224,81,3577,1707,0,2033,566,2685,703,1249,1778,1554
1548,0,6178,63,6144,29,4434,1744,0,2364,851,2963,704,1261,2133,2080
1549,0,6184,121,6128,65,4438,1746,0,2365,848,2971,705,1261,2135,2083
1550,0,6165,127,6108,70,4423,1742,0,2340,859,2966,700,1261,2148,2056
1551,0,6179,127,6116,64,4434,1745,0,2356,859,2964,706,1261,2137,2075
1554,0,6194,129,6130,65,4449,1745,0,2357,867,2970,703,1261,2128,2102
1555,0,6200,123,6140,63,4455,1745,0,2362,863,2975,709,1261,2157,2073
1556,0,6183,109,6129,55,4439,1744,0,2343,852,2988,704,1261,2134,2084
1557,0,6196,125,6134,63,4452,1744,0,2345,882,2969,703,1261,2141,2091
1558,0,6179,130,6114,65,4436,1743,0,2348,866,2965,699,1261,2135,2084
1561,1,5327,131,5270,74,3622,1705,0,2058,579,2690,709,1249,1789,1580
1562,0,6218,55,6190,27,4475,1743,0,2367,874,2977,702,1261,2139,2116
1563,0,6185,132,6126,73,4440,1745,0,2360,848,2977,700,1261,2140,2084
1564,0,6187,115,6141,69,4443,1744,0,2358,863,2966,702,1261,2129,2095
1565,0,6180,116,6128,64,4435,1745,0,2359,859,2962,706,1261,2143,2070
1568,0,6183,134,6122,73,4437,1746,0,2347,853,2983,705,1261,2145,2072
1569,0,6191,123,6133,65,4443,1748,0,2357,863,2971,712,1261,2131,2087
1570,1,5289,127,5239,77,3589,1700,0,2054,565,2670,701,1249,1776,1563
1571,0,6212,53,6187,28,4466,1746,0,2363,866,2983,703,1261,2136,2112
1572,0,6174,119,6117,62,4428,1746,0,2355,849,2970,704,1261,2158,2051
1575,0,6185,124,6128,67,4440,1745,0,2342,878,2965,703,1261,2152,2069
1576,0,6196,132,6131,67,4453,1743,0,2360,878,2958,700,1261,2153,2082
1577,0,6197,136,6133,72,4453,1744,0,2350,865,2982,705,1261,2138,2093
1578,0,6207,120,6152,65,4461,1746,0,2365,856,2986,708,1261,2145,2093
1579,0,6222,109,6169,56,4477,1745,0,2371,878,2973,707,1261,2154,2100
1582,0,6201,134,6132,65,4456,1745,0,2342,889,2970,705,1261,2138,2097
1583,1,5308,130,5254,76,3607,1701,0,2070,567,2671,706,1249,1769,1584
1584,0,6210,63,6180,33,4468,1742,0,2363,875,2972,702,1261,2141,2106
1585,0,6187,119,6134,66,4443,1744,0,2336,871,2980,700,1261,2148,2078
1586,0,6194,128,6137,71,4451,1743,0,2351,886,2957,696,1261,2157,2080
1589,0,6194,129,6137,72,4451,1743,0,2363,860,2971,699,1261,2137,2097
1590,0,6210,126,6153,69,4467,1743,0,2353,888,2969,698,1261,2156,2095
1591,0,6218,119,6166,67,4475,1743,0,2370,882,2966,700,1261,2165,2092
1592,0,6196,139,6135,78,4450,1746,0,2359,867,2970,708,1261,2136,2091
1593,0,6226,121,6172,67,4481,1745,0,2357,896,2973,702,1261,2152,2111
1596,0,6222,126,6160,64,4478,1744,0,2348,892,2982,707,1261,2145,2109
1597,0,6238,131,6183,76,4493,1745,0,2372,888,2978,701,1261,2152,2124
1598,0,6220,127,6167,74,4476,1744,0,2367,879,2974,700,1261,2130,2129
1599,0,6234,133,6175,74,4489,1745,0,2358,893,2983,701,1261,2139,2133
1600,0,6243,143,6179,79,4500,1743,0,2375,901,2967,700,1261,2134,2148
1603,0,6244,110,6194,60,4498,1746,0,2363,886,2995,705,1261,2130,2148
1604,1,5292,130,5240,78,3599,1693,0,2049,571,2672,708,1248,1779,1557
1605,0,6247,55,6221,29,4501,1746,0,2370,894,2983,704,1261,2131,2151
1606,0,6223,117,6169,63,4475,1748,0,2353,895,2975,706,1261,2159,2097
1607,0,6211,134,6146,69,4467,1744,0,2353,883,2975,701,1261,2154,2095
1610,0,6234,134,6172,72,4490,1744,0,2357,890,2987,704,1261,2139,2130
1611,0,6232,130,6170,68,4489,1743,0,2366,885,2981,700,1261,2163,2108
1612,0,6197,133,6134,70,4452,1745,0,2367,861,2969,703,1261,2146,2087
1613,0,6246,128,6188,70,4502,1744,0,2361,887,2998,704,1261,2154,2127
1614,1,5248,130,5190,72,3559,1689,0,2037,550,2661,707,1249,1772,1520
1617,0,6211,58,6181,28,4468,1743,0,2344,884,2983,701,1261,2134,2115
1618,0,6189,119,6138,68,4447,1742,0,2353,863,2973,701,1261,2129,2098
1619,0,6204,121,6147,64,4461,1743,0,2353,874,2977,701,1261,2151,2091
1620,1,5213,126,5161,74,3522,1691,0,2021,548,2644,706,1249,1766,1492
1621,1,5318,55,5292,29,3624,1694,0,2068,567,2683,705,1247,1772,1594
1624,0,6205,59,6174,28,4462,1743,0,2353,865,2987,700,1261,2154,2090
1625,0,6164,123,6104,63,4420,1744,0,2338,860,2966,699,1261,2128,2076
1626,0,6167,120,6114,67,4424,1743,0,2354,853,2960,706,1261,2149,2051
1627,0,6175,118,6117,60,4429,1746,0,2342,865,2968,703,1261,2148,2063
1628,0,6181,124,6124,67,4438,1743,0,2321,877,2983,700,1261,2152,2068
1631,0,6189,133,6123,67,4444,1745,0,2355,852,2982,704,1261,2146,2078
1632,0,6185,119,6129,63,4443,1742,0,2345,863,2977,705,1261,2144,2075
1633,1,5242,131,5184,73,3541,1701,0,2037,562,2643,703,1249,1773,1517
1634,0,6222,58,6194,30,4477,1745,0,2351,878,2993,704,1261,2153,2104
1635,1,5262,133,5209,80,3575,1687,0,2016,567,2679,703,1249,1777,1533
1638,0,6192,53,6166,27,4446,1746,0,2340,866,2986,708,1261,2140,2083
1639,0,6159,115,6102,58,4416,1743,0,2348,853,2958,700,1261,2159,2039
1640,0,6139,118,6087,66,4394,1745,0,2332,861,2946,704,1261,2145,2029
1641,1,5188,131,5139,82,3497,1691,0,2011,539,2638,703,1249,1751,1485
1642,0,6180,49,6155,24,4435,1745,0,2346,866,2968,703,1261,2137,2079
1645,0,6176,134,6115,73,4431,1745,0,2345,871,2960,707,1261,2160,2048
1646,0,6194,138,6134,78,4449,1745,0,2340,871,2983,706,1261,2162,2065
1647,0,6155,130,6093,68,4410,1745,0,2346,842,2967,704,1261,2126,2064
1648,0,6158,133,6097,72,4416,1742,0,2333,864,2961,700,1261,2136,2061
1649,0,6179,116,6125,62,4432,1747,0,2334,884,2961,701,1261,2146,2071
1652,1,5244,135,5194,85,3546,1698,0,2028,557,2659,699,1249,1774,1522
1653,1,5304,55,5279,30,3604,1700,0,2054,566,2684,701,1249,1764,1590
1654,1,5347,62,5318,33,3648,1699,0,2064,568,2715,701,1248,1780,1618
1655,0,6111,59,6081,29,4367,1744,0,2315,831,2965,703,1261,2139,2008
1656,0,6102,115,6051,64,4359,1743,0,2321,838,2943,698,1261,2139,2004
1659,0,6061,118,6011,68,4315,1746,0,2305,820,2936,705,1261,2124,1971
1660,0,6108,122,6052,66,4364,1744,0,2314,848,2946,702,1261,2147,1998
1661,0,6165,119,6113,67,4419,1746,0,2333,863,2969,708,1261,2150,2046
1662,0,6149,126,6093,70,4408,1741,0,2331,851,2967,701,1261,2148,2039
1663,0,6135,127,6079,71,4391,1744,0,2320,853,2962,705,1261,2154,2015
1666,1,5276,120,5227,71,3574,1702,0,2033,559,2684,705,1249,1781,1541
1667,1,5312,65,5283,36,3611,1701,0,2048,573,2691,699,1248,1771,1594
1668,0,6136,57,6106,27,4395,1741,0,2336,828,2972,702,1261,2147,2026
1669,0,6091,128,6033,70,4349,1742,0,2327,817,2947,708,1261,2140,1982
1670,0,6111,110,6055,54,4366,1745,0,2332,816,2963,703,1261,2129,2018
1673,0,6151,121,6090,60,4406,1745,0,2329,863,2959,702,1261,2150,2038
1674,0,6119,125,6060,66,4377,1742,0,2330,822,2967,703,1261,2116,2039
1675,0,6146,127,6079,60,4403,1743,0,2359,835,2952,700,1261,2125,2060
1676,0,6178,124,6116,62,4437,1741,0,2355,845,2978,698,1261,2145,2074
1677,0,6191,124,6126,59,4449,1742,0,2348,879,2964,696,1261,2158,2076
1680,0,6163,133,6095,65,4421,1742,0,2341,870,2952,700,1261,2132,2070
1681,0,6176,123,6128,75,4433,1743,0,2343,872,2961,701,1261,2128,2086
1682,0,6173,134,6110,71,4429,1744,0,2337,862,2974,700,1261,2110,2102
1683,0,6160,110,6106,56,4416,1744,0,2345,851,2964,705,1261,2133,2061
1684,0,6177,113,6125,61,4434,1743,0,2350,864,2963,704,1261,2131,2081
1687,0,6194,120,6142,68,4451,1743,0,2341,888,2965,700,1261,2153,2080
1688,0,6202,123,6139,60,4457,1745,0,2364,878,2960,700,1261,2143,2098
1689,0,6203,131,6145,73,4459,1744,0,2357,897,2949,695,1261,2144,2103
1690,0,6210,123,6153,66,4467,1743,0,2361,887,2962,701,1261,2138,2110
1691,0,6224,150,6154,80,4477,1747,0,2355,891,2978,707,1261,2152,2104
1694,0,6195,128,6137,70,4451,1744,0,2358,886,2951,703,1261,2119,2112
1695,0,6209,126,6154,71,4463,1746,0,2371,883,2955,706,1261,2136,2106
1696,0,6215,127,6156,68,4471,1744,0,2368,874,2973,706,1261,2132,2116
1697,0,6231,136,6163,68,4486,1745,0,2364,892,2975,705,1261,2142,2123
1698,0,6226,139,6164,77,4484,1742,0,2366,881,2979,703,1261,2131,2131
1701,0,6247,138,6182,73,4503,1744,0,2386,899,2962,703,1261,2146,2137
1702,0,6225,142,6162,79,4482,1743,0,2376,872,2977,700,1261,2140,2124
1703,1,5267,126,5214,73,3568,1699,0,2046,569,2652,701,1249,1777,1540
1704,0,6254,60,6224,30,4508,1746,0,2391,885,2978,706,1261,2142,2145
1705,0,6212,141,6147,76,4468,1744,0,2380,875,2957,702,1261,2146,2103
1708,0,6213,117,6157,61,4471,1742,0,2378,875,2960,694,1261,2133,2125
1709,0,6231,138,6172,79,4486,1745,0,2371,890,2970,707,1261,2136,2127
1710,0,6220,136,6158,74,4473,1747,0,2376,884,2960,708,1261,2151,2100
1711,1,5286,132,5235,81,3584,1702,0,2029,551,2706,702,1249,1780,1555
1712,0,6279,64,6246,31,4534,1745,0,2388,913,2978,701,1261,2155,2162
1715,0,6186,131,6121,66,4443,1743,0,2352,880,2954,697,1261,2146,2082
1716,0,6207,124,6154,71,4462,1745,0,2351,885,2971,704,1261,2149,2093
1717,1,5251,129,5207,85,3555,1696,0,2031,557,2663,698,1249,1772,1532
1718,0,6231,55,6201,25,4489,1742,0,2372,888,2971,701,1261,2148,2121
1719,0,6179,122,6125,68,4433,1746,0,2371,852,2956,707,1261,2140,2071
1722,0,6188,117,6140,69,4446,1742,0,2363,882,2943,699,1261,2140,2088
1723,0,6191,129,6136,74,4446,1745,0,2345,883,2963,706,1261,2149,2075
1724,0,6216,139,6147,70,4471,1745,0,2368,876,2972,703,1261,2155,2097
1725,0,6179,121,6117,59,4436,1743,0,2369,850,2960,698,1261,2132,2088
1726,0,6205,124,6151,70,4460,1745,0,2359,872,2974,706,1261,2130,2108
1729,0,6189,119,6138,68,4447,1742,0,2336,883,2970,702,1261,2152,2074
1730,0,6193,125,6135,67,4447,1746,0,2359,881,2953,704,1261,2152,2076
1731,0,6214,119,6161,66,4471,1743,0,2364,880,2970,706,1261,2131,2116
1732,0,6176,126,6116,66,4434,1742,0,2356,874,2946,702,1261,2134,2079
1733,1,5263,126,5210,73,3561,1702,0,2060,556,2647,702,1249,1748,1564
1736,0,6223,55,6195,27,4480,1743,0,2369,887,2967,698,1261,2152,2112
1737,0,6205,118,6148,61,4460,1745,0,2363,883,2959,708,1261,2151,2085
1738,0,6162,119,6106,63,4419,1743,0,2354,853,2955,698,1261,2122,2081
1739,0,6224,122,6169,67,4479,1745,0,2376,868,2980,706,1261,2151,2106
1740,0,6200,119,6145,64,4456,1744,0,2367,884,2949,700,1261,2159,2080
1743,0,6218,118,6163,63,4477,1741,0,2355,884,2979,701,1261,2149,2107
1744,0,6192,128,6133,69,4449,1743,0,2360,876,2956,702,1261,2145,2084
1745,0,6238,124,6184,70,4495,1743,0,2367,898,2973,699,1261,2149,2129
1746,0,6214,127,6155,68,4472,1742,0,2366,879,2969,697,1261,2136,2120
1747,0,6202,129,6148,75,4456,1746,0,2354,870,2978,703,1261,2140,2098
1750,0,6232,126,6171,65,4488,1744,0,2360,909,2963,703,1261,2165,2103
1751,0,6216,138,6153,75,4474,1742,0,2366,885,2965,700,1261,2163,2092
1752,1,5292,118,5240,66,3588,1704,0,2049,583,2660,702,1249,1775,1566
1753,1,5383,67,5352,36,3682,1701,0,2080,597,2706,700,1247,1773,1663
1754,0,6171,62,6142,33,4431,1740,0,2331,873,2967,699,1261,2127,2084
1757,1,5224,122,5174,72,3527,1697,0,2021,547,2656,699,1247,1773,1505
1758,0,6203,61,6171,29,4461,1742,0,2351,878,2974,699,1261,2157,2086
1759,0,6144,125,6079,60,4399,1745,0,2337,855,2952,699,1261,2147,2037
1760,0,6180,101,6132,53,4435,1745,0,2350,868,2962,705,1261,2148,2066
1761,0,6134,117,6079,62,4393,1741,0,2349,841,2944,697,1261,2129,2047
1764,0,6188,121,6130,63,4444,1744,0,2355,865,2968,704,1261,2149,2074
1765,1,5222,107,5174,59,3530,1692,0,2023,556,2643,699,1247,1776,1500
1766,0,6216,56,6187,27,4474,1742,0,2384,866,2966,698,1261,2150,2107
1767,1,5217,116,5170,69,3531,1686,0,2016,551,2650,705,1247,1776,1489
1768,0,6226,49,6200,23,4481,1745,0,2360,899,2967,703,1261,2164,2098
1771,0,6156,130,6096,70,4413,1743,0,2331,867,2958,699,1261,2141,2055
1772,0,6139,113,6083,57,4397,1742,0,2339,831,2969,695,1261,2124,2059
1773,0,6150,106,6098,54,4406,1744,0,2344,845,2961,703,1261,2141,2045
1774,0,6190,119,6131,60,4448,1742,0,2349,858,2983,699,1261,2161,2069
1775,0,6171,131,6101,61,4426,1745,0,2368,851,2952,700,1261,2140,2070
1778,0,6189,112,6135,58,4442,1747,0,2362,858,2969,705,1261,2138,2085
1779,0,6173,126,6108,61,4427,1746,0,2350,861,2962,703,1261,2136,2073
1780,0,6176,108,6124,56,4430,1746,0,2350,852,2974,707,1261,2137,2071
1781,0,6156,123,6091,58,4408,1748,0,2354,839,2963,706,1261,2139,2050
1782,0,6189,130,6125,66,4443,1746,0,2380,851,2958,696,1261,2127,2105
1785,0,6198,126,6145,73,4454,1744,0,2376,851,2971,702,1261,2144,2091
1786,0,6231,121,6179,69,4484,1747,0,2370,886,2975,702,1261,2150,2118
1787,0,6210,116,6158,64,4463,1747,0,2364,880,2966,701,1261,2144,2104
1788,1,5278,139,5222,83,3572,1706,0,2033,575,2670,701,1249,1784,1544
1789,0,6256,53,6231,28,4510,1746,0,2374,892,2990,702,1261,2159,2134
1792,0,6190,135,6128,73,4442,1748,0,2357,858,2975,708,1261,2135,2086
1793,0,6205,126,6143,64,4458,1747,0,2345,890,2970,703,1261,2147,2094
1794,1,5294,118,5238,62,3591,1703,0,2055,574,2665,704,1249,1778,1563
1795,0,6210,67,6175,32,4464,1746,0,2360,874,2976,700,1261,2138,2111
1796,0,6181,128,6120,67,4435,1746,0,2365,856,2960,699,1261,2137,2084
1799,0,6199,120,6143,64,4451,1748,0,2370,872,2957,701,1261,2142,2095
1800,0,6188,131,6126,69,4442,1746,0,2362,858,2968,699,1261,2138,2090
1801,0,6213,129,6153,69,4464,1749,0,2365,869,2979,704,1261,2141,2107
1802,0,6220,120,6165,65,4472,1748,0,2372,890,2958,708,1261,2160,2091
1803,0,6222,142,6155,75,4476,1746,0,2373,890,2959,697,1261,2146,2118
1806,0,6213,127,6156,70,4465,1748,0,2382,862,2969,703,1261,2130,2119
1807,0,6202,122,6145,65,4456,1746,0,2364,872,2966,704,1261,2149,2088
1808,0,6214,136,6146,68,4465,1749,0,2367,886,2961,709,1261,2137,2107
1809,1,5286,126,5234,74,3582,1704,0,2043,566,2677,702,1249,1770,1565
1810,0,6211,56,6181,26,4464,1747,0,2377,875,2959,702,1261,2147,2101
1813,0,6205,126,6143,64,4458,1747,0,2367,868,2970,708,1261,2157,2079
1814,0,6164,116,6109,61,4417,1747,0,2350,859,2955,702,1261,2130,2071
1815,0,6190,113,6136,59,4444,1746,0,2356,862,2972,701,1261,2131,2097
1816,1,5232,118,5181,67,3538,1694,0,2028,548,2656,694,1249,1786,1503
1817,0,6217,60,6187,30,4473,1744,0,2373,873,2971,697,1261,2142,2117
1820,0,6205,135,6139,69,4459,1746,0,2378,859,2968,706,1261,2140,2098
1821,0,6172,122,6109,59,4427,1745,0,2357,837,2978,701,1261,2146,2064
1822,0,6191,106,6141,56,4444,1747,0,2364,853,2974,703,1261,2148,2079
1823,0,6193,105,6141,53,4445,1748,0,2368,860,2965,707,1261,2149,2076
1824,0,6195,111,6144,60,4451,1744,0,2376,848,2971,702,1261,2140,2092
